ISO-10303-21;
HEADER;
/* Generated by software containing ST-Developer
 * from STEP Tools, Inc. (www.steptools.com) 
 */

FILE_DESCRIPTION(
/* description */ (''),
/* implementation_level */ '2;1');

FILE_NAME(
/* name */ 'pcb-frame.step',
/* time_stamp */ '2026-09-17T14:22:39+08:00',
/* author */ (''),
/* organization */ (''),
/* preprocessor_version */ 'ST-DEVELOPER v20.2',
/* originating_system */ 'Autodesk Translation Framework v15.15.0.0',
/* authorisation */ '');

FILE_SCHEMA (('AUTOMOTIVE_DESIGN { 1 0 10303 214 3 1 1 }'));
ENDSEC;

DATA;
#10=MECHANICAL_DESIGN_GEOMETRIC_PRESENTATION_REPRESENTATION('',(#13),#2931);
#11=SHAPE_REPRESENTATION_RELATIONSHIP('SRR','None',#2938,#12);
#12=ADVANCED_BREP_SHAPE_REPRESENTATION('',(#14),#2930);
#13=STYLED_ITEM('',(#2947),#14);
#14=MANIFOLD_SOLID_BREP('\X2\5E955EA7\X0\2',#1574);
#15=FACE_BOUND('',#214,.T.);
#16=FACE_BOUND('',#216,.T.);
#17=FACE_BOUND('',#218,.T.);
#18=FACE_BOUND('',#220,.T.);
#19=FACE_BOUND('',#280,.T.);
#20=FACE_BOUND('',#281,.T.);
#21=FACE_BOUND('',#282,.T.);
#22=FACE_BOUND('',#283,.T.);
#23=FACE_BOUND('',#284,.T.);
#24=B_SPLINE_CURVE_WITH_KNOTS('',3,(#2322,#2323,#2324,#2325,#2326,#2327,
#2328,#2329),.UNSPECIFIED.,.F.,.F.,(4,1,1,2,4),(-0.24134758845453,-0.144808553072718,
-0.0965390353818121,0.,0.000509926744864315),.UNSPECIFIED.);
#25=B_SPLINE_CURVE_WITH_KNOTS('',3,(#2331,#2332,#2333,#2334,#2335,#2336,
#2337,#2338),.UNSPECIFIED.,.F.,.F.,(4,2,1,1,4),(-0.000509926744864315,0.,
0.0965390353818121,0.144808553072718,0.24134758845453),.UNSPECIFIED.);
#26=B_SPLINE_CURVE_WITH_KNOTS('',3,(#2383,#2384,#2385,#2386,#2387,#2388,
#2389,#2390),.UNSPECIFIED.,.F.,.F.,(4,1,1,2,4),(0.,0.0965390353818121,0.144808553072718,
0.24134758845453,0.241857515199395),.UNSPECIFIED.);
#27=B_SPLINE_CURVE_WITH_KNOTS('',3,(#2391,#2392,#2393,#2394,#2395,#2396,
#2397,#2398),.UNSPECIFIED.,.F.,.F.,(4,2,1,1,4),(-0.241857515199395,-0.24134758845453,
-0.144808553072718,-0.0965390353818121,0.),.UNSPECIFIED.);
#28=B_SPLINE_CURVE_WITH_KNOTS('',3,(#2464,#2465,#2466,#2467),
 .UNSPECIFIED.,.F.,.F.,(4,4),(0.,0.12855180377062),.UNSPECIFIED.);
#29=B_SPLINE_CURVE_WITH_KNOTS('',3,(#2468,#2469,#2470,#2471,#2472,#2473,
#2474,#2475,#2476,#2477),.UNSPECIFIED.,.F.,.F.,(4,2,2,2,4),(0.656435912086638,
0.67460771459058,0.73926230024062,0.80391688589066,0.810857588119387),
 .UNSPECIFIED.);
#30=B_SPLINE_CURVE_WITH_KNOTS('',3,(#2484,#2485,#2486,#2487,#2488,#2489,
#2490,#2491,#2492,#2493),.UNSPECIFIED.,.F.,.F.,(4,2,2,2,4),(0.0886193646679624,
0.0955600668968472,0.160214652547123,0.224869238197399,0.243041040700903),
 .UNSPECIFIED.);
#31=B_SPLINE_CURVE_WITH_KNOTS('',3,(#2495,#2496,#2497,#2498),
 .UNSPECIFIED.,.F.,.F.,(4,4),(0.951138994503318,1.07969079827077),
 .UNSPECIFIED.);
#32=B_SPLINE_CURVE_WITH_KNOTS('',3,(#2621,#2622,#2623,#2624,#2625,#2626,
#2627,#2628,#2629,#2630),.UNSPECIFIED.,.F.,.F.,(4,2,2,2,4),(0.0886375959383221,
0.0955459827141598,0.160153027941022,0.224760073167884,0.243020322515938),
 .UNSPECIFIED.);
#33=B_SPLINE_CURVE_WITH_KNOTS('',3,(#2644,#2645,#2646,#2647),
 .UNSPECIFIED.,.F.,.F.,(4,4),(0.948266263561256,1.08004128647031),
 .UNSPECIFIED.);
#34=B_SPLINE_CURVE_WITH_KNOTS('',3,(#2662,#2663,#2664,#2665,#2666,#2667,
#2668,#2669,#2670,#2671),.UNSPECIFIED.,.F.,.F.,(4,2,2,2,4),(0.0886193647033969,
0.0955600668694719,0.160214652427034,0.224869237984596,0.243041040660639),
 .UNSPECIFIED.);
#35=B_SPLINE_CURVE_WITH_KNOTS('',3,(#2685,#2686,#2687,#2688),
 .UNSPECIFIED.,.F.,.F.,(4,4),(0.948908113279198,1.08004128647031),
 .UNSPECIFIED.);
#36=B_SPLINE_CURVE_WITH_KNOTS('',3,(#2692,#2693,#2694,#2695),
 .UNSPECIFIED.,.F.,.F.,(4,4),(0.,0.131133170724402),.UNSPECIFIED.);
#37=B_SPLINE_CURVE_WITH_KNOTS('',3,(#2701,#2702,#2703,#2704,#2705,#2706,
#2707,#2708,#2709,#2710),.UNSPECIFIED.,.F.,.F.,(4,2,2,2,4),(0.656435912875555,
0.674607715211644,0.73926230095188,0.803916886692115,0.810857588981945),
 .UNSPECIFIED.);
#38=B_SPLINE_CURVE_WITH_KNOTS('',3,(#2733,#2734,#2735,#2736),
 .UNSPECIFIED.,.F.,.F.,(4,4),(0.,0.131133171976335),.UNSPECIFIED.);
#39=B_SPLINE_CURVE_WITH_KNOTS('',3,(#2742,#2743,#2744,#2745,#2746,#2747,
#2748,#2749,#2750,#2751),.UNSPECIFIED.,.F.,.F.,(4,2,2,2,4),(0.656435912064618,
0.674607714573245,0.739262300220768,0.803916885868291,0.810857588095312),
 .UNSPECIFIED.);
#40=B_SPLINE_CURVE_WITH_KNOTS('',3,(#2765,#2766,#2767,#2768,#2769,#2770,
#2771,#2772,#2773,#2774),.UNSPECIFIED.,.F.,.F.,(4,2,2,2,4),(0.0886193646680526,
0.0955600668967777,0.160214652546818,0.224869238196858,0.243041040700799),
 .UNSPECIFIED.);
#41=B_SPLINE_CURVE_WITH_KNOTS('',3,(#2788,#2789,#2790,#2791),
 .UNSPECIFIED.,.F.,.F.,(4,4),(0.949953054217451,1.08108622615979),
 .UNSPECIFIED.);
#42=B_SPLINE_CURVE_WITH_KNOTS('',3,(#2795,#2796,#2797,#2798),
 .UNSPECIFIED.,.F.,.F.,(4,4),(0.,0.131133171942342),.UNSPECIFIED.);
#43=B_SPLINE_CURVE_WITH_KNOTS('',3,(#2804,#2805,#2806,#2807,#2808,#2809,
#2810,#2811,#2812,#2813),.UNSPECIFIED.,.F.,.F.,(4,2,2,2,4),(0.656435912086636,
0.674607714590577,0.739262300240618,0.803916885890659,0.810857588119383),
 .UNSPECIFIED.);
#44=B_SPLINE_SURFACE_WITH_KNOTS('',3,3,((#2280,#2281,#2282,#2283,#2284,
#2285,#2286,#2287),(#2288,#2289,#2290,#2291,#2292,#2293,#2294,#2295),(#2296,
#2297,#2298,#2299,#2300,#2301,#2302,#2303),(#2304,#2305,#2306,#2307,#2308,
#2309,#2310,#2311),(#2312,#2313,#2314,#2315,#2316,#2317,#2318,#2319)),
 .UNSPECIFIED.,.F.,.F.,.F.,(4,1,4),(4,1,1,2,4),(0.,0.571428571428571,1.),
(-0.24134758845453,-0.144808553072718,-0.0965390353818121,0.,0.000509926744864315),
 .UNSPECIFIED.);
#45=B_SPLINE_SURFACE_WITH_KNOTS('',3,3,((#2340,#2341,#2342,#2343,#2344,
#2345,#2346,#2347),(#2348,#2349,#2350,#2351,#2352,#2353,#2354,#2355),(#2356,
#2357,#2358,#2359,#2360,#2361,#2362,#2363),(#2364,#2365,#2366,#2367,#2368,
#2369,#2370,#2371),(#2372,#2373,#2374,#2375,#2376,#2377,#2378,#2379)),
 .UNSPECIFIED.,.F.,.F.,.F.,(4,1,4),(4,2,1,1,4),(0.,0.5,1.),(-0.241857515199395,
-0.24134758845453,-0.144808553072718,-0.0965390353818121,0.),
 .UNSPECIFIED.);
#46=B_SPLINE_SURFACE_WITH_KNOTS('',3,3,((#2399,#2400,#2401,#2402),(#2403,
#2404,#2405,#2406),(#2407,#2408,#2409,#2410),(#2411,#2412,#2413,#2414),
(#2415,#2416,#2417,#2418)),.UNSPECIFIED.,.F.,.F.,.F.,(4,1,4),(4,4),(0.,
0.571428571428571,1.),(-1.5707963267949,-1.44149844957536),
 .UNSPECIFIED.);
#47=B_SPLINE_SURFACE_WITH_KNOTS('',3,3,((#2430,#2431,#2432,#2433),(#2434,
#2435,#2436,#2437),(#2438,#2439,#2440,#2441),(#2442,#2443,#2444,#2445),
(#2446,#2447,#2448,#2449)),.UNSPECIFIED.,.F.,.F.,.F.,(4,1,4),(4,4),(0.,
0.571428571428571,1.),(1.44149844957535,1.5707963267949),.UNSPECIFIED.);
#48=PLANE('',#1600);
#49=PLANE('',#1602);
#50=PLANE('',#1614);
#51=PLANE('',#1622);
#52=PLANE('',#1626);
#53=PLANE('',#1630);
#54=PLANE('',#1634);
#55=PLANE('',#1638);
#56=PLANE('',#1642);
#57=PLANE('',#1643);
#58=PLANE('',#1647);
#59=PLANE('',#1651);
#60=PLANE('',#1655);
#61=PLANE('',#1662);
#62=PLANE('',#1666);
#63=PLANE('',#1670);
#64=PLANE('',#1674);
#65=PLANE('',#1677);
#66=PLANE('',#1681);
#67=PLANE('',#1684);
#68=PLANE('',#1689);
#69=PLANE('',#1691);
#70=PLANE('',#1696);
#71=PLANE('',#1699);
#72=PLANE('',#1704);
#73=PLANE('',#1734);
#74=PLANE('',#1735);
#75=PLANE('',#1736);
#76=PLANE('',#1737);
#77=PLANE('',#1741);
#78=PLANE('',#1742);
#79=PLANE('',#1743);
#80=PLANE('',#1744);
#81=PLANE('',#1745);
#82=PLANE('',#1746);
#83=PLANE('',#1747);
#84=PLANE('',#1751);
#85=PLANE('',#1755);
#86=PLANE('',#1756);
#87=PLANE('',#1757);
#88=TOROIDAL_SURFACE('',#1593,2.5,0.5);
#89=TOROIDAL_SURFACE('',#1618,2.50000000180685,0.5);
#90=TOROIDAL_SURFACE('',#1624,2.50000000180685,0.5);
#91=TOROIDAL_SURFACE('',#1707,2.50000000180685,0.5);
#92=TOROIDAL_SURFACE('',#1718,2.50000000180685,0.5);
#93=TOROIDAL_SURFACE('',#1727,2.50000000000001,0.5);
#94=FACE_OUTER_BOUND('',#185,.T.);
#95=FACE_OUTER_BOUND('',#186,.T.);
#96=FACE_OUTER_BOUND('',#187,.T.);
#97=FACE_OUTER_BOUND('',#188,.T.);
#98=FACE_OUTER_BOUND('',#189,.T.);
#99=FACE_OUTER_BOUND('',#190,.T.);
#100=FACE_OUTER_BOUND('',#191,.T.);
#101=FACE_OUTER_BOUND('',#192,.T.);
#102=FACE_OUTER_BOUND('',#193,.T.);
#103=FACE_OUTER_BOUND('',#194,.T.);
#104=FACE_OUTER_BOUND('',#195,.T.);
#105=FACE_OUTER_BOUND('',#196,.T.);
#106=FACE_OUTER_BOUND('',#197,.T.);
#107=FACE_OUTER_BOUND('',#198,.T.);
#108=FACE_OUTER_BOUND('',#199,.T.);
#109=FACE_OUTER_BOUND('',#200,.T.);
#110=FACE_OUTER_BOUND('',#201,.T.);
#111=FACE_OUTER_BOUND('',#202,.T.);
#112=FACE_OUTER_BOUND('',#203,.T.);
#113=FACE_OUTER_BOUND('',#204,.T.);
#114=FACE_OUTER_BOUND('',#205,.T.);
#115=FACE_OUTER_BOUND('',#206,.T.);
#116=FACE_OUTER_BOUND('',#207,.T.);
#117=FACE_OUTER_BOUND('',#208,.T.);
#118=FACE_OUTER_BOUND('',#209,.T.);
#119=FACE_OUTER_BOUND('',#210,.T.);
#120=FACE_OUTER_BOUND('',#211,.T.);
#121=FACE_OUTER_BOUND('',#212,.T.);
#122=FACE_OUTER_BOUND('',#213,.T.);
#123=FACE_OUTER_BOUND('',#215,.T.);
#124=FACE_OUTER_BOUND('',#217,.T.);
#125=FACE_OUTER_BOUND('',#219,.T.);
#126=FACE_OUTER_BOUND('',#221,.T.);
#127=FACE_OUTER_BOUND('',#222,.T.);
#128=FACE_OUTER_BOUND('',#223,.T.);
#129=FACE_OUTER_BOUND('',#224,.T.);
#130=FACE_OUTER_BOUND('',#225,.T.);
#131=FACE_OUTER_BOUND('',#226,.T.);
#132=FACE_OUTER_BOUND('',#227,.T.);
#133=FACE_OUTER_BOUND('',#228,.T.);
#134=FACE_OUTER_BOUND('',#229,.T.);
#135=FACE_OUTER_BOUND('',#230,.T.);
#136=FACE_OUTER_BOUND('',#231,.T.);
#137=FACE_OUTER_BOUND('',#232,.T.);
#138=FACE_OUTER_BOUND('',#233,.T.);
#139=FACE_OUTER_BOUND('',#234,.T.);
#140=FACE_OUTER_BOUND('',#235,.T.);
#141=FACE_OUTER_BOUND('',#236,.T.);
#142=FACE_OUTER_BOUND('',#237,.T.);
#143=FACE_OUTER_BOUND('',#238,.T.);
#144=FACE_OUTER_BOUND('',#239,.T.);
#145=FACE_OUTER_BOUND('',#240,.T.);
#146=FACE_OUTER_BOUND('',#241,.T.);
#147=FACE_OUTER_BOUND('',#242,.T.);
#148=FACE_OUTER_BOUND('',#243,.T.);
#149=FACE_OUTER_BOUND('',#244,.T.);
#150=FACE_OUTER_BOUND('',#245,.T.);
#151=FACE_OUTER_BOUND('',#246,.T.);
#152=FACE_OUTER_BOUND('',#247,.T.);
#153=FACE_OUTER_BOUND('',#248,.T.);
#154=FACE_OUTER_BOUND('',#249,.T.);
#155=FACE_OUTER_BOUND('',#250,.T.);
#156=FACE_OUTER_BOUND('',#251,.T.);
#157=FACE_OUTER_BOUND('',#252,.T.);
#158=FACE_OUTER_BOUND('',#253,.T.);
#159=FACE_OUTER_BOUND('',#254,.T.);
#160=FACE_OUTER_BOUND('',#255,.T.);
#161=FACE_OUTER_BOUND('',#256,.T.);
#162=FACE_OUTER_BOUND('',#257,.T.);
#163=FACE_OUTER_BOUND('',#258,.T.);
#164=FACE_OUTER_BOUND('',#259,.T.);
#165=FACE_OUTER_BOUND('',#260,.T.);
#166=FACE_OUTER_BOUND('',#261,.T.);
#167=FACE_OUTER_BOUND('',#262,.T.);
#168=FACE_OUTER_BOUND('',#263,.T.);
#169=FACE_OUTER_BOUND('',#264,.T.);
#170=FACE_OUTER_BOUND('',#265,.T.);
#171=FACE_OUTER_BOUND('',#266,.T.);
#172=FACE_OUTER_BOUND('',#267,.T.);
#173=FACE_OUTER_BOUND('',#268,.T.);
#174=FACE_OUTER_BOUND('',#269,.T.);
#175=FACE_OUTER_BOUND('',#270,.T.);
#176=FACE_OUTER_BOUND('',#271,.T.);
#177=FACE_OUTER_BOUND('',#272,.T.);
#178=FACE_OUTER_BOUND('',#273,.T.);
#179=FACE_OUTER_BOUND('',#274,.T.);
#180=FACE_OUTER_BOUND('',#275,.T.);
#181=FACE_OUTER_BOUND('',#276,.T.);
#182=FACE_OUTER_BOUND('',#277,.T.);
#183=FACE_OUTER_BOUND('',#278,.T.);
#184=FACE_OUTER_BOUND('',#279,.T.);
#185=EDGE_LOOP('',(#988,#989,#990,#991));
#186=EDGE_LOOP('',(#992,#993,#994,#995));
#187=EDGE_LOOP('',(#996,#997,#998,#999));
#188=EDGE_LOOP('',(#1000,#1001,#1002,#1003));
#189=EDGE_LOOP('',(#1004,#1005,#1006,#1007));
#190=EDGE_LOOP('',(#1008,#1009,#1010,#1011,#1012,#1013,#1014,#1015,#1016,
#1017,#1018));
#191=EDGE_LOOP('',(#1019,#1020,#1021,#1022));
#192=EDGE_LOOP('',(#1023,#1024,#1025,#1026));
#193=EDGE_LOOP('',(#1027,#1028,#1029));
#194=EDGE_LOOP('',(#1030,#1031,#1032));
#195=EDGE_LOOP('',(#1033,#1034,#1035,#1036));
#196=EDGE_LOOP('',(#1037,#1038,#1039,#1040));
#197=EDGE_LOOP('',(#1041,#1042,#1043,#1044));
#198=EDGE_LOOP('',(#1045,#1046,#1047,#1048,#1049));
#199=EDGE_LOOP('',(#1050,#1051,#1052,#1053,#1054,#1055));
#200=EDGE_LOOP('',(#1056,#1057,#1058));
#201=EDGE_LOOP('',(#1059,#1060,#1061,#1062,#1063,#1064));
#202=EDGE_LOOP('',(#1065,#1066,#1067,#1068,#1069));
#203=EDGE_LOOP('',(#1070,#1071,#1072));
#204=EDGE_LOOP('',(#1073,#1074,#1075,#1076,#1077,#1078,#1079,#1080,#1081));
#205=EDGE_LOOP('',(#1082,#1083,#1084,#1085));
#206=EDGE_LOOP('',(#1086));
#207=EDGE_LOOP('',(#1087,#1088,#1089,#1090));
#208=EDGE_LOOP('',(#1091));
#209=EDGE_LOOP('',(#1092,#1093,#1094,#1095));
#210=EDGE_LOOP('',(#1096));
#211=EDGE_LOOP('',(#1097,#1098,#1099,#1100));
#212=EDGE_LOOP('',(#1101));
#213=EDGE_LOOP('',(#1102,#1103,#1104,#1105,#1106,#1107));
#214=EDGE_LOOP('',(#1108));
#215=EDGE_LOOP('',(#1109,#1110,#1111,#1112,#1113,#1114));
#216=EDGE_LOOP('',(#1115));
#217=EDGE_LOOP('',(#1116,#1117,#1118,#1119,#1120,#1121));
#218=EDGE_LOOP('',(#1122));
#219=EDGE_LOOP('',(#1123,#1124,#1125,#1126,#1127,#1128));
#220=EDGE_LOOP('',(#1129));
#221=EDGE_LOOP('',(#1130,#1131,#1132,#1133));
#222=EDGE_LOOP('',(#1134));
#223=EDGE_LOOP('',(#1135,#1136,#1137,#1138));
#224=EDGE_LOOP('',(#1139));
#225=EDGE_LOOP('',(#1140,#1141,#1142,#1143));
#226=EDGE_LOOP('',(#1144));
#227=EDGE_LOOP('',(#1145,#1146,#1147,#1148));
#228=EDGE_LOOP('',(#1149));
#229=EDGE_LOOP('',(#1150,#1151,#1152,#1153,#1154));
#230=EDGE_LOOP('',(#1155,#1156,#1157,#1158));
#231=EDGE_LOOP('',(#1159,#1160,#1161,#1162,#1163,#1164,#1165,#1166));
#232=EDGE_LOOP('',(#1167,#1168,#1169,#1170,#1171));
#233=EDGE_LOOP('',(#1172,#1173,#1174,#1175));
#234=EDGE_LOOP('',(#1176,#1177,#1178,#1179,#1180));
#235=EDGE_LOOP('',(#1181,#1182,#1183,#1184));
#236=EDGE_LOOP('',(#1185,#1186,#1187,#1188,#1189,#1190,#1191,#1192));
#237=EDGE_LOOP('',(#1193,#1194,#1195,#1196,#1197));
#238=EDGE_LOOP('',(#1198,#1199,#1200,#1201));
#239=EDGE_LOOP('',(#1202,#1203,#1204,#1205,#1206));
#240=EDGE_LOOP('',(#1207,#1208,#1209,#1210));
#241=EDGE_LOOP('',(#1211,#1212,#1213,#1214,#1215,#1216,#1217,#1218));
#242=EDGE_LOOP('',(#1219,#1220,#1221,#1222,#1223));
#243=EDGE_LOOP('',(#1224,#1225,#1226,#1227));
#244=EDGE_LOOP('',(#1228,#1229,#1230,#1231,#1232));
#245=EDGE_LOOP('',(#1233,#1234,#1235,#1236));
#246=EDGE_LOOP('',(#1237,#1238,#1239,#1240,#1241,#1242,#1243,#1244));
#247=EDGE_LOOP('',(#1245,#1246,#1247,#1248,#1249));
#248=EDGE_LOOP('',(#1250,#1251,#1252,#1253));
#249=EDGE_LOOP('',(#1254,#1255,#1256,#1257,#1258));
#250=EDGE_LOOP('',(#1259,#1260,#1261,#1262));
#251=EDGE_LOOP('',(#1263,#1264,#1265,#1266,#1267));
#252=EDGE_LOOP('',(#1268,#1269,#1270,#1271));
#253=EDGE_LOOP('',(#1272,#1273,#1274,#1275,#1276));
#254=EDGE_LOOP('',(#1277,#1278,#1279,#1280,#1281));
#255=EDGE_LOOP('',(#1282,#1283,#1284,#1285));
#256=EDGE_LOOP('',(#1286,#1287,#1288,#1289,#1290));
#257=EDGE_LOOP('',(#1291,#1292,#1293,#1294));
#258=EDGE_LOOP('',(#1295,#1296,#1297,#1298,#1299));
#259=EDGE_LOOP('',(#1300,#1301,#1302,#1303));
#260=EDGE_LOOP('',(#1304,#1305,#1306,#1307,#1308));
#261=EDGE_LOOP('',(#1309,#1310,#1311,#1312));
#262=EDGE_LOOP('',(#1313,#1314,#1315,#1316));
#263=EDGE_LOOP('',(#1317,#1318,#1319,#1320));
#264=EDGE_LOOP('',(#1321,#1322,#1323,#1324));
#265=EDGE_LOOP('',(#1325,#1326,#1327,#1328));
#266=EDGE_LOOP('',(#1329,#1330,#1331,#1332));
#267=EDGE_LOOP('',(#1333,#1334,#1335,#1336,#1337,#1338,#1339,#1340,#1341,
#1342));
#268=EDGE_LOOP('',(#1343,#1344,#1345,#1346));
#269=EDGE_LOOP('',(#1347,#1348,#1349,#1350));
#270=EDGE_LOOP('',(#1351,#1352,#1353,#1354,#1355,#1356,#1357,#1358,#1359,
#1360,#1361));
#271=EDGE_LOOP('',(#1362,#1363,#1364,#1365));
#272=EDGE_LOOP('',(#1366,#1367,#1368,#1369));
#273=EDGE_LOOP('',(#1370,#1371,#1372,#1373,#1374,#1375,#1376,#1377));
#274=EDGE_LOOP('',(#1378,#1379,#1380,#1381));
#275=EDGE_LOOP('',(#1382,#1383,#1384,#1385,#1386,#1387,#1388,#1389,#1390,
#1391));
#276=EDGE_LOOP('',(#1392,#1393,#1394,#1395));
#277=EDGE_LOOP('',(#1396,#1397,#1398,#1399,#1400,#1401,#1402,#1403));
#278=EDGE_LOOP('',(#1404,#1405,#1406,#1407,#1408,#1409,#1410,#1411,#1412,
#1413));
#279=EDGE_LOOP('',(#1414,#1415,#1416,#1417,#1418,#1419,#1420,#1421));
#280=EDGE_LOOP('',(#1422,#1423,#1424,#1425,#1426,#1427,#1428,#1429,#1430,
#1431,#1432,#1433,#1434,#1435,#1436,#1437));
#281=EDGE_LOOP('',(#1438));
#282=EDGE_LOOP('',(#1439));
#283=EDGE_LOOP('',(#1440));
#284=EDGE_LOOP('',(#1441));
#285=ELLIPSE('',#1590,1.30656296487636,0.5);
#286=ELLIPSE('',#1592,1.30656296487637,0.5);
#287=ELLIPSE('',#1601,1.13137084989848,0.8);
#288=ELLIPSE('',#1607,0.926498802567881,0.5);
#289=ELLIPSE('',#1608,1.51604750293641,1.3);
#290=ELLIPSE('',#1611,1.13137084989848,0.8);
#291=ELLIPSE('',#1612,0.926498802567881,0.5);
#292=ELLIPSE('',#1613,1.51604750293641,1.3);
#293=CIRCLE('',#1589,0.499999999999998);
#294=CIRCLE('',#1594,0.499999999999998);
#295=CIRCLE('',#1595,2.5);
#296=CIRCLE('',#1596,3.);
#297=CIRCLE('',#1599,3.);
#298=CIRCLE('',#1604,0.800000000000003);
#299=CIRCLE('',#1605,0.8);
#300=CIRCLE('',#1606,0.800000000000003);
#301=CIRCLE('',#1610,0.8);
#302=CIRCLE('',#1615,2.);
#303=CIRCLE('',#1617,0.500000000000001);
#304=CIRCLE('',#1619,2.00000000180685);
#305=CIRCLE('',#1621,0.500000000000015);
#306=CIRCLE('',#1623,2.);
#307=CIRCLE('',#1625,2.00000000180685);
#308=CIRCLE('',#1628,2.05);
#309=CIRCLE('',#1629,2.05);
#310=CIRCLE('',#1632,2.05);
#311=CIRCLE('',#1633,2.05);
#312=CIRCLE('',#1636,2.05);
#313=CIRCLE('',#1637,2.05);
#314=CIRCLE('',#1640,2.05);
#315=CIRCLE('',#1641,2.05);
#316=CIRCLE('',#1644,2.);
#317=CIRCLE('',#1645,2.);
#318=CIRCLE('',#1646,14.9999999999997);
#319=CIRCLE('',#1648,2.);
#320=CIRCLE('',#1649,2.);
#321=CIRCLE('',#1650,15.);
#322=CIRCLE('',#1652,2.);
#323=CIRCLE('',#1653,2.);
#324=CIRCLE('',#1654,15.);
#325=CIRCLE('',#1656,2.);
#326=CIRCLE('',#1657,2.);
#327=CIRCLE('',#1658,15.);
#328=CIRCLE('',#1660,2.);
#329=CIRCLE('',#1661,2.);
#330=CIRCLE('',#1664,2.);
#331=CIRCLE('',#1665,2.);
#332=CIRCLE('',#1668,2.);
#333=CIRCLE('',#1669,2.);
#334=CIRCLE('',#1672,2.);
#335=CIRCLE('',#1673,2.);
#336=CIRCLE('',#1676,2.);
#337=CIRCLE('',#1679,15.);
#338=CIRCLE('',#1683,2.);
#339=CIRCLE('',#1686,15.);
#340=CIRCLE('',#1688,2.);
#341=CIRCLE('',#1693,14.9999999999997);
#342=CIRCLE('',#1695,2.);
#343=CIRCLE('',#1698,2.);
#344=CIRCLE('',#1701,15.);
#345=CIRCLE('',#1703,2.);
#346=CIRCLE('',#1706,0.500000000000001);
#347=CIRCLE('',#1708,0.500000000000001);
#348=CIRCLE('',#1709,2.50000000180685);
#349=CIRCLE('',#1710,2.00000000180685);
#350=CIRCLE('',#1713,2.00000000180685);
#351=CIRCLE('',#1715,2.00000000180685);
#352=CIRCLE('',#1717,0.49999999999998);
#353=CIRCLE('',#1719,0.500000000000001);
#354=CIRCLE('',#1720,2.50000000180685);
#355=CIRCLE('',#1721,2.00000000180685);
#356=CIRCLE('',#1724,2.00000000180685);
#357=CIRCLE('',#1726,0.5);
#358=CIRCLE('',#1728,0.499999999999996);
#359=CIRCLE('',#1729,2.50000000000001);
#360=CIRCLE('',#1730,2.00000000000001);
#361=CIRCLE('',#1733,2.00000000000001);
#362=CIRCLE('',#1739,3.);
#363=CIRCLE('',#1740,3.);
#364=CIRCLE('',#1749,3.);
#365=CIRCLE('',#1750,3.);
#366=CIRCLE('',#1753,3.);
#367=CIRCLE('',#1754,3.);
#368=LINE('',#2228,#492);
#369=LINE('',#2232,#493);
#370=LINE('',#2236,#494);
#371=LINE('',#2238,#495);
#372=LINE('',#2247,#496);
#373=LINE('',#2248,#497);
#374=LINE('',#2251,#498);
#375=LINE('',#2254,#499);
#376=LINE('',#2257,#500);
#377=LINE('',#2261,#501);
#378=LINE('',#2263,#502);
#379=LINE('',#2265,#503);
#380=LINE('',#2267,#504);
#381=LINE('',#2269,#505);
#382=LINE('',#2271,#506);
#383=LINE('',#2272,#507);
#384=LINE('',#2278,#508);
#385=LINE('',#2279,#509);
#386=LINE('',#2426,#510);
#387=LINE('',#2429,#511);
#388=LINE('',#2454,#512);
#389=LINE('',#2457,#513);
#390=LINE('',#2462,#514);
#391=LINE('',#2482,#515);
#392=LINE('',#2500,#516);
#393=LINE('',#2504,#517);
#394=LINE('',#2506,#518);
#395=LINE('',#2511,#519);
#396=LINE('',#2516,#520);
#397=LINE('',#2523,#521);
#398=LINE('',#2530,#522);
#399=LINE('',#2537,#523);
#400=LINE('',#2545,#524);
#401=LINE('',#2547,#525);
#402=LINE('',#2549,#526);
#403=LINE('',#2558,#527);
#404=LINE('',#2560,#528);
#405=LINE('',#2562,#529);
#406=LINE('',#2571,#530);
#407=LINE('',#2573,#531);
#408=LINE('',#2575,#532);
#409=LINE('',#2583,#533);
#410=LINE('',#2585,#534);
#411=LINE('',#2593,#535);
#412=LINE('',#2600,#536);
#413=LINE('',#2607,#537);
#414=LINE('',#2614,#538);
#415=LINE('',#2619,#539);
#416=LINE('',#2633,#540);
#417=LINE('',#2637,#541);
#418=LINE('',#2639,#542);
#419=LINE('',#2641,#543);
#420=LINE('',#2642,#544);
#421=LINE('',#2648,#545);
#422=LINE('',#2650,#546);
#423=LINE('',#2653,#547);
#424=LINE('',#2656,#548);
#425=LINE('',#2657,#549);
#426=LINE('',#2660,#550);
#427=LINE('',#2674,#551);
#428=LINE('',#2678,#552);
#429=LINE('',#2680,#553);
#430=LINE('',#2682,#554);
#431=LINE('',#2683,#555);
#432=LINE('',#2690,#556);
#433=LINE('',#2697,#557);
#434=LINE('',#2712,#558);
#435=LINE('',#2716,#559);
#436=LINE('',#2718,#560);
#437=LINE('',#2719,#561);
#438=LINE('',#2721,#562);
#439=LINE('',#2722,#563);
#440=LINE('',#2725,#564);
#441=LINE('',#2727,#565);
#442=LINE('',#2728,#566);
#443=LINE('',#2731,#567);
#444=LINE('',#2738,#568);
#445=LINE('',#2753,#569);
#446=LINE('',#2757,#570);
#447=LINE('',#2759,#571);
#448=LINE('',#2760,#572);
#449=LINE('',#2763,#573);
#450=LINE('',#2777,#574);
#451=LINE('',#2781,#575);
#452=LINE('',#2783,#576);
#453=LINE('',#2785,#577);
#454=LINE('',#2786,#578);
#455=LINE('',#2793,#579);
#456=LINE('',#2800,#580);
#457=LINE('',#2815,#581);
#458=LINE('',#2819,#582);
#459=LINE('',#2821,#583);
#460=LINE('',#2822,#584);
#461=LINE('',#2826,#585);
#462=LINE('',#2833,#586);
#463=LINE('',#2841,#587);
#464=LINE('',#2848,#588);
#465=LINE('',#2854,#589);
#466=LINE('',#2861,#590);
#467=LINE('',#2866,#591);
#468=LINE('',#2867,#592);
#469=LINE('',#2869,#593);
#470=LINE('',#2872,#594);
#471=LINE('',#2873,#595);
#472=LINE('',#2876,#596);
#473=LINE('',#2877,#597);
#474=LINE('',#2883,#598);
#475=LINE('',#2886,#599);
#476=LINE('',#2888,#600);
#477=LINE('',#2889,#601);
#478=LINE('',#2891,#602);
#479=LINE('',#2894,#603);
#480=LINE('',#2897,#604);
#481=LINE('',#2898,#605);
#482=LINE('',#2901,#606);
#483=LINE('',#2902,#607);
#484=LINE('',#2905,#608);
#485=LINE('',#2907,#609);
#486=LINE('',#2908,#610);
#487=LINE('',#2913,#611);
#488=LINE('',#2916,#612);
#489=LINE('',#2922,#613);
#490=LINE('',#2924,#614);
#491=LINE('',#2925,#615);
#492=VECTOR('',#1762,10.);
#493=VECTOR('',#1765,10.);
#494=VECTOR('',#1770,10.);
#495=VECTOR('',#1771,10.);
#496=VECTOR('',#1784,10.);
#497=VECTOR('',#1785,10.);
#498=VECTOR('',#1788,10.);
#499=VECTOR('',#1791,10.);
#500=VECTOR('',#1794,10.);
#501=VECTOR('',#1797,10.);
#502=VECTOR('',#1798,10.);
#503=VECTOR('',#1799,10.);
#504=VECTOR('',#1800,10.);
#505=VECTOR('',#1801,10.);
#506=VECTOR('',#1802,10.);
#507=VECTOR('',#1803,10.);
#508=VECTOR('',#1810,10.);
#509=VECTOR('',#1811,10.);
#510=VECTOR('',#1824,10.);
#511=VECTOR('',#1827,10.);
#512=VECTOR('',#1834,10.);
#513=VECTOR('',#1837,10.);
#514=VECTOR('',#1842,10.);
#515=VECTOR('',#1849,10.);
#516=VECTOR('',#1850,10.);
#517=VECTOR('',#1855,10.);
#518=VECTOR('',#1856,10.);
#519=VECTOR('',#1865,10.);
#520=VECTOR('',#1870,2.05);
#521=VECTOR('',#1879,2.05);
#522=VECTOR('',#1888,2.05);
#523=VECTOR('',#1897,2.05);
#524=VECTOR('',#1906,10.);
#525=VECTOR('',#1907,10.);
#526=VECTOR('',#1908,10.);
#527=VECTOR('',#1917,10.);
#528=VECTOR('',#1918,10.);
#529=VECTOR('',#1919,10.);
#530=VECTOR('',#1928,10.);
#531=VECTOR('',#1929,10.);
#532=VECTOR('',#1930,10.);
#533=VECTOR('',#1939,10.);
#534=VECTOR('',#1940,10.);
#535=VECTOR('',#1949,2.);
#536=VECTOR('',#1958,2.);
#537=VECTOR('',#1967,2.);
#538=VECTOR('',#1976,2.);
#539=VECTOR('',#1983,2.);
#540=VECTOR('',#1986,2.);
#541=VECTOR('',#1989,10.);
#542=VECTOR('',#1990,10.);
#543=VECTOR('',#1991,10.);
#544=VECTOR('',#1992,10.);
#545=VECTOR('',#1995,2.);
#546=VECTOR('',#1996,10.);
#547=VECTOR('',#2001,2.);
#548=VECTOR('',#2004,10.);
#549=VECTOR('',#2005,10.);
#550=VECTOR('',#2008,2.);
#551=VECTOR('',#2011,2.);
#552=VECTOR('',#2014,10.);
#553=VECTOR('',#2015,10.);
#554=VECTOR('',#2016,10.);
#555=VECTOR('',#2017,10.);
#556=VECTOR('',#2020,2.);
#557=VECTOR('',#2021,10.);
#558=VECTOR('',#2026,2.);
#559=VECTOR('',#2031,10.);
#560=VECTOR('',#2032,10.);
#561=VECTOR('',#2033,10.);
#562=VECTOR('',#2036,2.);
#563=VECTOR('',#2037,2.);
#564=VECTOR('',#2040,10.);
#565=VECTOR('',#2041,10.);
#566=VECTOR('',#2042,10.);
#567=VECTOR('',#2045,2.);
#568=VECTOR('',#2046,10.);
#569=VECTOR('',#2051,2.);
#570=VECTOR('',#2056,10.);
#571=VECTOR('',#2057,10.);
#572=VECTOR('',#2058,10.);
#573=VECTOR('',#2061,2.);
#574=VECTOR('',#2064,2.);
#575=VECTOR('',#2067,10.);
#576=VECTOR('',#2068,10.);
#577=VECTOR('',#2069,10.);
#578=VECTOR('',#2070,10.);
#579=VECTOR('',#2073,2.);
#580=VECTOR('',#2074,10.);
#581=VECTOR('',#2079,2.);
#582=VECTOR('',#2084,10.);
#583=VECTOR('',#2085,10.);
#584=VECTOR('',#2086,10.);
#585=VECTOR('',#2091,10.);
#586=VECTOR('',#2102,10.);
#587=VECTOR('',#2115,10.);
#588=VECTOR('',#2126,10.);
#589=VECTOR('',#2135,10.);
#590=VECTOR('',#2146,10.);
#591=VECTOR('',#2153,10.);
#592=VECTOR('',#2154,10.);
#593=VECTOR('',#2157,10.);
#594=VECTOR('',#2160,10.);
#595=VECTOR('',#2161,10.);
#596=VECTOR('',#2164,10.);
#597=VECTOR('',#2165,10.);
#598=VECTOR('',#2170,10.);
#599=VECTOR('',#2173,10.);
#600=VECTOR('',#2176,10.);
#601=VECTOR('',#2177,10.);
#602=VECTOR('',#2180,10.);
#603=VECTOR('',#2185,10.);
#604=VECTOR('',#2188,10.);
#605=VECTOR('',#2189,10.);
#606=VECTOR('',#2192,10.);
#607=VECTOR('',#2193,10.);
#608=VECTOR('',#2196,10.);
#609=VECTOR('',#2197,10.);
#610=VECTOR('',#2198,10.);
#611=VECTOR('',#2203,10.);
#612=VECTOR('',#2208,10.);
#613=VECTOR('',#2215,10.);
#614=VECTOR('',#2218,10.);
#615=VECTOR('',#2219,10.);
#616=VERTEX_POINT('',#2226);
#617=VERTEX_POINT('',#2227);
#618=VERTEX_POINT('',#2229);
#619=VERTEX_POINT('',#2231);
#620=VERTEX_POINT('',#2235);
#621=VERTEX_POINT('',#2237);
#622=VERTEX_POINT('',#2241);
#623=VERTEX_POINT('',#2242);
#624=VERTEX_POINT('',#2250);
#625=VERTEX_POINT('',#2252);
#626=VERTEX_POINT('',#2256);
#627=VERTEX_POINT('',#2258);
#628=VERTEX_POINT('',#2260);
#629=VERTEX_POINT('',#2262);
#630=VERTEX_POINT('',#2264);
#631=VERTEX_POINT('',#2266);
#632=VERTEX_POINT('',#2268);
#633=VERTEX_POINT('',#2270);
#634=VERTEX_POINT('',#2275);
#635=VERTEX_POINT('',#2276);
#636=VERTEX_POINT('',#2320);
#637=VERTEX_POINT('',#2321);
#638=VERTEX_POINT('',#2330);
#639=VERTEX_POINT('',#2380);
#640=VERTEX_POINT('',#2381);
#641=VERTEX_POINT('',#2422);
#642=VERTEX_POINT('',#2423);
#643=VERTEX_POINT('',#2425);
#644=VERTEX_POINT('',#2427);
#645=VERTEX_POINT('',#2453);
#646=VERTEX_POINT('',#2455);
#647=VERTEX_POINT('',#2459);
#648=VERTEX_POINT('',#2461);
#649=VERTEX_POINT('',#2463);
#650=VERTEX_POINT('',#2481);
#651=VERTEX_POINT('',#2483);
#652=VERTEX_POINT('',#2494);
#653=VERTEX_POINT('',#2499);
#654=VERTEX_POINT('',#2503);
#655=VERTEX_POINT('',#2505);
#656=VERTEX_POINT('',#2513);
#657=VERTEX_POINT('',#2515);
#658=VERTEX_POINT('',#2520);
#659=VERTEX_POINT('',#2522);
#660=VERTEX_POINT('',#2527);
#661=VERTEX_POINT('',#2529);
#662=VERTEX_POINT('',#2534);
#663=VERTEX_POINT('',#2536);
#664=VERTEX_POINT('',#2541);
#665=VERTEX_POINT('',#2542);
#666=VERTEX_POINT('',#2544);
#667=VERTEX_POINT('',#2546);
#668=VERTEX_POINT('',#2548);
#669=VERTEX_POINT('',#2550);
#670=VERTEX_POINT('',#2554);
#671=VERTEX_POINT('',#2555);
#672=VERTEX_POINT('',#2557);
#673=VERTEX_POINT('',#2559);
#674=VERTEX_POINT('',#2561);
#675=VERTEX_POINT('',#2563);
#676=VERTEX_POINT('',#2567);
#677=VERTEX_POINT('',#2568);
#678=VERTEX_POINT('',#2570);
#679=VERTEX_POINT('',#2572);
#680=VERTEX_POINT('',#2574);
#681=VERTEX_POINT('',#2576);
#682=VERTEX_POINT('',#2580);
#683=VERTEX_POINT('',#2581);
#684=VERTEX_POINT('',#2584);
#685=VERTEX_POINT('',#2586);
#686=VERTEX_POINT('',#2590);
#687=VERTEX_POINT('',#2592);
#688=VERTEX_POINT('',#2597);
#689=VERTEX_POINT('',#2599);
#690=VERTEX_POINT('',#2604);
#691=VERTEX_POINT('',#2606);
#692=VERTEX_POINT('',#2611);
#693=VERTEX_POINT('',#2613);
#694=VERTEX_POINT('',#2618);
#695=VERTEX_POINT('',#2620);
#696=VERTEX_POINT('',#2631);
#697=VERTEX_POINT('',#2635);
#698=VERTEX_POINT('',#2636);
#699=VERTEX_POINT('',#2638);
#700=VERTEX_POINT('',#2640);
#701=VERTEX_POINT('',#2649);
#702=VERTEX_POINT('',#2655);
#703=VERTEX_POINT('',#2659);
#704=VERTEX_POINT('',#2661);
#705=VERTEX_POINT('',#2672);
#706=VERTEX_POINT('',#2676);
#707=VERTEX_POINT('',#2677);
#708=VERTEX_POINT('',#2679);
#709=VERTEX_POINT('',#2681);
#710=VERTEX_POINT('',#2689);
#711=VERTEX_POINT('',#2691);
#712=VERTEX_POINT('',#2696);
#713=VERTEX_POINT('',#2700);
#714=VERTEX_POINT('',#2711);
#715=VERTEX_POINT('',#2715);
#716=VERTEX_POINT('',#2717);
#717=VERTEX_POINT('',#2724);
#718=VERTEX_POINT('',#2726);
#719=VERTEX_POINT('',#2730);
#720=VERTEX_POINT('',#2732);
#721=VERTEX_POINT('',#2737);
#722=VERTEX_POINT('',#2741);
#723=VERTEX_POINT('',#2752);
#724=VERTEX_POINT('',#2756);
#725=VERTEX_POINT('',#2758);
#726=VERTEX_POINT('',#2762);
#727=VERTEX_POINT('',#2764);
#728=VERTEX_POINT('',#2775);
#729=VERTEX_POINT('',#2779);
#730=VERTEX_POINT('',#2780);
#731=VERTEX_POINT('',#2782);
#732=VERTEX_POINT('',#2784);
#733=VERTEX_POINT('',#2792);
#734=VERTEX_POINT('',#2794);
#735=VERTEX_POINT('',#2799);
#736=VERTEX_POINT('',#2803);
#737=VERTEX_POINT('',#2814);
#738=VERTEX_POINT('',#2818);
#739=VERTEX_POINT('',#2820);
#740=VERTEX_POINT('',#2824);
#741=VERTEX_POINT('',#2828);
#742=VERTEX_POINT('',#2839);
#743=VERTEX_POINT('',#2843);
#744=VERTEX_POINT('',#2852);
#745=VERTEX_POINT('',#2856);
#746=VERTEX_POINT('',#2865);
#747=VERTEX_POINT('',#2871);
#748=VERTEX_POINT('',#2875);
#749=VERTEX_POINT('',#2879);
#750=VERTEX_POINT('',#2880);
#751=VERTEX_POINT('',#2882);
#752=VERTEX_POINT('',#2884);
#753=VERTEX_POINT('',#2896);
#754=VERTEX_POINT('',#2900);
#755=VERTEX_POINT('',#2904);
#756=VERTEX_POINT('',#2906);
#757=VERTEX_POINT('',#2910);
#758=VERTEX_POINT('',#2912);
#759=VERTEX_POINT('',#2918);
#760=VERTEX_POINT('',#2920);
#761=EDGE_CURVE('',#616,#617,#368,.T.);
#762=EDGE_CURVE('',#617,#618,#293,.T.);
#763=EDGE_CURVE('',#618,#619,#369,.T.);
#764=EDGE_CURVE('',#619,#616,#285,.T.);
#765=EDGE_CURVE('',#620,#616,#370,.T.);
#766=EDGE_CURVE('',#619,#621,#371,.T.);
#767=EDGE_CURVE('',#621,#620,#286,.T.);
#768=EDGE_CURVE('',#622,#623,#294,.T.);
#769=EDGE_CURVE('',#623,#618,#295,.T.);
#770=EDGE_CURVE('',#617,#622,#296,.T.);
#771=EDGE_CURVE('',#621,#623,#372,.T.);
#772=EDGE_CURVE('',#622,#620,#373,.T.);
#773=EDGE_CURVE('',#624,#617,#374,.T.);
#774=EDGE_CURVE('',#624,#625,#297,.T.);
#775=EDGE_CURVE('',#625,#622,#375,.T.);
#776=EDGE_CURVE('',#626,#616,#376,.T.);
#777=EDGE_CURVE('',#627,#626,#287,.T.);
#778=EDGE_CURVE('',#628,#627,#377,.T.);
#779=EDGE_CURVE('',#628,#629,#378,.T.);
#780=EDGE_CURVE('',#630,#629,#379,.T.);
#781=EDGE_CURVE('',#631,#630,#380,.T.);
#782=EDGE_CURVE('',#632,#631,#381,.T.);
#783=EDGE_CURVE('',#633,#632,#382,.T.);
#784=EDGE_CURVE('',#633,#624,#383,.T.);
#785=EDGE_CURVE('',#634,#635,#298,.T.);
#786=EDGE_CURVE('',#635,#627,#384,.T.);
#787=EDGE_CURVE('',#626,#634,#385,.T.);
#788=EDGE_CURVE('',#636,#637,#24,.T.);
#789=EDGE_CURVE('',#637,#638,#25,.T.);
#790=EDGE_CURVE('',#638,#636,#299,.T.);
#791=EDGE_CURVE('',#639,#640,#300,.T.);
#792=EDGE_CURVE('',#640,#637,#26,.T.);
#793=EDGE_CURVE('',#637,#639,#27,.T.);
#794=EDGE_CURVE('',#638,#635,#288,.T.);
#795=EDGE_CURVE('',#634,#636,#289,.T.);
#796=EDGE_CURVE('',#641,#642,#301,.T.);
#797=EDGE_CURVE('',#642,#643,#386,.T.);
#798=EDGE_CURVE('',#643,#644,#290,.T.);
#799=EDGE_CURVE('',#644,#641,#387,.T.);
#800=EDGE_CURVE('',#641,#640,#291,.T.);
#801=EDGE_CURVE('',#639,#642,#292,.T.);
#802=EDGE_CURVE('',#645,#635,#388,.F.);
#803=EDGE_CURVE('',#645,#646,#302,.T.);
#804=EDGE_CURVE('',#646,#628,#389,.T.);
#805=EDGE_CURVE('',#647,#638,#303,.T.);
#806=EDGE_CURVE('',#647,#648,#390,.T.);
#807=EDGE_CURVE('',#648,#649,#28,.T.);
#808=EDGE_CURVE('',#649,#645,#29,.T.);
#809=EDGE_CURVE('',#637,#647,#304,.T.);
#810=EDGE_CURVE('',#641,#650,#391,.T.);
#811=EDGE_CURVE('',#651,#650,#30,.F.);
#812=EDGE_CURVE('',#651,#652,#31,.T.);
#813=EDGE_CURVE('',#652,#653,#392,.T.);
#814=EDGE_CURVE('',#653,#640,#305,.T.);
#815=EDGE_CURVE('',#644,#654,#393,.T.);
#816=EDGE_CURVE('',#654,#655,#394,.T.);
#817=EDGE_CURVE('',#650,#655,#306,.F.);
#818=EDGE_CURVE('',#653,#637,#307,.T.);
#819=EDGE_CURVE('',#643,#620,#395,.T.);
#820=EDGE_CURVE('',#656,#656,#308,.T.);
#821=EDGE_CURVE('',#656,#657,#396,.T.);
#822=EDGE_CURVE('',#657,#657,#309,.T.);
#823=EDGE_CURVE('',#658,#658,#310,.T.);
#824=EDGE_CURVE('',#658,#659,#397,.T.);
#825=EDGE_CURVE('',#659,#659,#311,.T.);
#826=EDGE_CURVE('',#660,#660,#312,.T.);
#827=EDGE_CURVE('',#660,#661,#398,.T.);
#828=EDGE_CURVE('',#661,#661,#313,.T.);
#829=EDGE_CURVE('',#662,#662,#314,.T.);
#830=EDGE_CURVE('',#662,#663,#399,.T.);
#831=EDGE_CURVE('',#663,#663,#315,.T.);
#832=EDGE_CURVE('',#664,#665,#316,.T.);
#833=EDGE_CURVE('',#665,#666,#400,.T.);
#834=EDGE_CURVE('',#666,#667,#401,.T.);
#835=EDGE_CURVE('',#667,#668,#402,.T.);
#836=EDGE_CURVE('',#668,#669,#317,.T.);
#837=EDGE_CURVE('',#669,#664,#318,.T.);
#838=EDGE_CURVE('',#670,#671,#319,.T.);
#839=EDGE_CURVE('',#671,#672,#403,.T.);
#840=EDGE_CURVE('',#672,#673,#404,.T.);
#841=EDGE_CURVE('',#673,#674,#405,.T.);
#842=EDGE_CURVE('',#674,#675,#320,.T.);
#843=EDGE_CURVE('',#675,#670,#321,.T.);
#844=EDGE_CURVE('',#676,#677,#322,.T.);
#845=EDGE_CURVE('',#677,#678,#406,.T.);
#846=EDGE_CURVE('',#678,#679,#407,.T.);
#847=EDGE_CURVE('',#679,#680,#408,.T.);
#848=EDGE_CURVE('',#680,#681,#323,.T.);
#849=EDGE_CURVE('',#681,#676,#324,.T.);
#850=EDGE_CURVE('',#682,#683,#325,.T.);
#851=EDGE_CURVE('',#683,#630,#409,.T.);
#852=EDGE_CURVE('',#629,#684,#410,.T.);
#853=EDGE_CURVE('',#684,#685,#326,.T.);
#854=EDGE_CURVE('',#685,#682,#327,.T.);
#855=EDGE_CURVE('',#686,#686,#328,.T.);
#856=EDGE_CURVE('',#686,#687,#411,.T.);
#857=EDGE_CURVE('',#687,#687,#329,.T.);
#858=EDGE_CURVE('',#688,#688,#330,.T.);
#859=EDGE_CURVE('',#688,#689,#412,.T.);
#860=EDGE_CURVE('',#689,#689,#331,.T.);
#861=EDGE_CURVE('',#690,#690,#332,.T.);
#862=EDGE_CURVE('',#690,#691,#413,.T.);
#863=EDGE_CURVE('',#691,#691,#333,.T.);
#864=EDGE_CURVE('',#692,#692,#334,.T.);
#865=EDGE_CURVE('',#692,#693,#414,.T.);
#866=EDGE_CURVE('',#693,#693,#335,.T.);
#867=EDGE_CURVE('',#682,#694,#415,.T.);
#868=EDGE_CURVE('',#694,#695,#32,.F.);
#869=EDGE_CURVE('',#695,#696,#336,.F.);
#870=EDGE_CURVE('',#696,#683,#416,.T.);
#871=EDGE_CURVE('',#697,#698,#417,.T.);
#872=EDGE_CURVE('',#699,#697,#418,.T.);
#873=EDGE_CURVE('',#699,#700,#419,.T.);
#874=EDGE_CURVE('',#700,#698,#420,.T.);
#875=EDGE_CURVE('',#694,#697,#33,.T.);
#876=EDGE_CURVE('',#649,#685,#421,.T.);
#877=EDGE_CURVE('',#701,#648,#422,.T.);
#878=EDGE_CURVE('',#701,#699,#337,.T.);
#879=EDGE_CURVE('',#684,#646,#423,.T.);
#880=EDGE_CURVE('',#702,#647,#424,.T.);
#881=EDGE_CURVE('',#701,#702,#425,.T.);
#882=EDGE_CURVE('',#670,#703,#426,.T.);
#883=EDGE_CURVE('',#703,#704,#34,.F.);
#884=EDGE_CURVE('',#704,#705,#338,.F.);
#885=EDGE_CURVE('',#705,#671,#427,.T.);
#886=EDGE_CURVE('',#706,#707,#428,.T.);
#887=EDGE_CURVE('',#708,#706,#429,.T.);
#888=EDGE_CURVE('',#708,#709,#430,.T.);
#889=EDGE_CURVE('',#709,#707,#431,.T.);
#890=EDGE_CURVE('',#703,#706,#35,.T.);
#891=EDGE_CURVE('',#710,#675,#432,.T.);
#892=EDGE_CURVE('',#711,#710,#36,.T.);
#893=EDGE_CURVE('',#712,#711,#433,.T.);
#894=EDGE_CURVE('',#712,#708,#339,.T.);
#895=EDGE_CURVE('',#710,#713,#37,.T.);
#896=EDGE_CURVE('',#674,#714,#434,.T.);
#897=EDGE_CURVE('',#713,#714,#340,.T.);
#898=EDGE_CURVE('',#715,#711,#435,.T.);
#899=EDGE_CURVE('',#716,#715,#436,.T.);
#900=EDGE_CURVE('',#716,#712,#437,.T.);
#901=EDGE_CURVE('',#664,#651,#438,.T.);
#902=EDGE_CURVE('',#655,#665,#439,.T.);
#903=EDGE_CURVE('',#717,#652,#440,.T.);
#904=EDGE_CURVE('',#718,#717,#441,.T.);
#905=EDGE_CURVE('',#718,#653,#442,.T.);
#906=EDGE_CURVE('',#719,#669,#443,.T.);
#907=EDGE_CURVE('',#720,#719,#38,.T.);
#908=EDGE_CURVE('',#721,#720,#444,.T.);
#909=EDGE_CURVE('',#721,#717,#341,.T.);
#910=EDGE_CURVE('',#719,#722,#39,.T.);
#911=EDGE_CURVE('',#668,#723,#445,.T.);
#912=EDGE_CURVE('',#722,#723,#342,.T.);
#913=EDGE_CURVE('',#724,#720,#446,.T.);
#914=EDGE_CURVE('',#725,#724,#447,.T.);
#915=EDGE_CURVE('',#721,#725,#448,.T.);
#916=EDGE_CURVE('',#676,#726,#449,.T.);
#917=EDGE_CURVE('',#726,#727,#40,.F.);
#918=EDGE_CURVE('',#727,#728,#343,.F.);
#919=EDGE_CURVE('',#728,#677,#450,.T.);
#920=EDGE_CURVE('',#729,#730,#451,.T.);
#921=EDGE_CURVE('',#731,#729,#452,.T.);
#922=EDGE_CURVE('',#731,#732,#453,.T.);
#923=EDGE_CURVE('',#732,#730,#454,.T.);
#924=EDGE_CURVE('',#726,#729,#41,.T.);
#925=EDGE_CURVE('',#733,#681,#455,.T.);
#926=EDGE_CURVE('',#734,#733,#42,.T.);
#927=EDGE_CURVE('',#735,#734,#456,.T.);
#928=EDGE_CURVE('',#735,#731,#344,.T.);
#929=EDGE_CURVE('',#733,#736,#43,.T.);
#930=EDGE_CURVE('',#680,#737,#457,.T.);
#931=EDGE_CURVE('',#736,#737,#345,.T.);
#932=EDGE_CURVE('',#738,#734,#458,.T.);
#933=EDGE_CURVE('',#739,#738,#459,.T.);
#934=EDGE_CURVE('',#735,#739,#460,.T.);
#935=EDGE_CURVE('',#730,#740,#346,.T.);
#936=EDGE_CURVE('',#740,#727,#461,.T.);
#937=EDGE_CURVE('',#724,#741,#347,.T.);
#938=EDGE_CURVE('',#741,#740,#348,.T.);
#939=EDGE_CURVE('',#730,#724,#349,.T.);
#940=EDGE_CURVE('',#722,#741,#462,.F.);
#941=EDGE_CURVE('',#725,#732,#350,.T.);
#942=EDGE_CURVE('',#702,#718,#351,.T.);
#943=EDGE_CURVE('',#698,#742,#352,.T.);
#944=EDGE_CURVE('',#742,#695,#463,.T.);
#945=EDGE_CURVE('',#715,#743,#353,.T.);
#946=EDGE_CURVE('',#743,#742,#354,.T.);
#947=EDGE_CURVE('',#698,#715,#355,.T.);
#948=EDGE_CURVE('',#713,#743,#464,.F.);
#949=EDGE_CURVE('',#716,#700,#356,.T.);
#950=EDGE_CURVE('',#707,#744,#357,.T.);
#951=EDGE_CURVE('',#744,#704,#465,.T.);
#952=EDGE_CURVE('',#738,#745,#358,.T.);
#953=EDGE_CURVE('',#745,#744,#359,.T.);
#954=EDGE_CURVE('',#707,#738,#360,.T.);
#955=EDGE_CURVE('',#736,#745,#466,.F.);
#956=EDGE_CURVE('',#739,#709,#361,.T.);
#957=EDGE_CURVE('',#746,#667,#467,.T.);
#958=EDGE_CURVE('',#723,#746,#468,.T.);
#959=EDGE_CURVE('',#654,#666,#469,.T.);
#960=EDGE_CURVE('',#747,#728,#470,.T.);
#961=EDGE_CURVE('',#747,#678,#471,.T.);
#962=EDGE_CURVE('',#748,#679,#472,.T.);
#963=EDGE_CURVE('',#737,#748,#473,.T.);
#964=EDGE_CURVE('',#749,#750,#362,.T.);
#965=EDGE_CURVE('',#750,#751,#474,.T.);
#966=EDGE_CURVE('',#752,#751,#363,.T.);
#967=EDGE_CURVE('',#749,#752,#475,.T.);
#968=EDGE_CURVE('',#746,#752,#476,.T.);
#969=EDGE_CURVE('',#751,#747,#477,.T.);
#970=EDGE_CURVE('',#631,#696,#478,.T.);
#971=EDGE_CURVE('',#749,#625,#479,.T.);
#972=EDGE_CURVE('',#753,#673,#480,.T.);
#973=EDGE_CURVE('',#714,#753,#481,.T.);
#974=EDGE_CURVE('',#754,#705,#482,.T.);
#975=EDGE_CURVE('',#754,#672,#483,.T.);
#976=EDGE_CURVE('',#750,#755,#484,.T.);
#977=EDGE_CURVE('',#755,#756,#485,.T.);
#978=EDGE_CURVE('',#748,#756,#486,.T.);
#979=EDGE_CURVE('',#755,#757,#364,.T.);
#980=EDGE_CURVE('',#757,#758,#487,.T.);
#981=EDGE_CURVE('',#756,#758,#365,.T.);
#982=EDGE_CURVE('',#758,#754,#488,.T.);
#983=EDGE_CURVE('',#759,#633,#366,.T.);
#984=EDGE_CURVE('',#760,#632,#367,.T.);
#985=EDGE_CURVE('',#759,#760,#489,.T.);
#986=EDGE_CURVE('',#759,#757,#490,.T.);
#987=EDGE_CURVE('',#753,#760,#491,.T.);
#988=ORIENTED_EDGE('',*,*,#761,.T.);
#989=ORIENTED_EDGE('',*,*,#762,.T.);
#990=ORIENTED_EDGE('',*,*,#763,.T.);
#991=ORIENTED_EDGE('',*,*,#764,.T.);
#992=ORIENTED_EDGE('',*,*,#765,.T.);
#993=ORIENTED_EDGE('',*,*,#764,.F.);
#994=ORIENTED_EDGE('',*,*,#766,.T.);
#995=ORIENTED_EDGE('',*,*,#767,.T.);
#996=ORIENTED_EDGE('',*,*,#768,.T.);
#997=ORIENTED_EDGE('',*,*,#769,.T.);
#998=ORIENTED_EDGE('',*,*,#762,.F.);
#999=ORIENTED_EDGE('',*,*,#770,.T.);
#1000=ORIENTED_EDGE('',*,*,#771,.T.);
#1001=ORIENTED_EDGE('',*,*,#768,.F.);
#1002=ORIENTED_EDGE('',*,*,#772,.T.);
#1003=ORIENTED_EDGE('',*,*,#767,.F.);
#1004=ORIENTED_EDGE('',*,*,#770,.F.);
#1005=ORIENTED_EDGE('',*,*,#773,.F.);
#1006=ORIENTED_EDGE('',*,*,#774,.T.);
#1007=ORIENTED_EDGE('',*,*,#775,.T.);
#1008=ORIENTED_EDGE('',*,*,#761,.F.);
#1009=ORIENTED_EDGE('',*,*,#776,.F.);
#1010=ORIENTED_EDGE('',*,*,#777,.F.);
#1011=ORIENTED_EDGE('',*,*,#778,.F.);
#1012=ORIENTED_EDGE('',*,*,#779,.T.);
#1013=ORIENTED_EDGE('',*,*,#780,.F.);
#1014=ORIENTED_EDGE('',*,*,#781,.F.);
#1015=ORIENTED_EDGE('',*,*,#782,.F.);
#1016=ORIENTED_EDGE('',*,*,#783,.F.);
#1017=ORIENTED_EDGE('',*,*,#784,.T.);
#1018=ORIENTED_EDGE('',*,*,#773,.T.);
#1019=ORIENTED_EDGE('',*,*,#763,.F.);
#1020=ORIENTED_EDGE('',*,*,#769,.F.);
#1021=ORIENTED_EDGE('',*,*,#771,.F.);
#1022=ORIENTED_EDGE('',*,*,#766,.F.);
#1023=ORIENTED_EDGE('',*,*,#785,.T.);
#1024=ORIENTED_EDGE('',*,*,#786,.T.);
#1025=ORIENTED_EDGE('',*,*,#777,.T.);
#1026=ORIENTED_EDGE('',*,*,#787,.T.);
#1027=ORIENTED_EDGE('',*,*,#788,.T.);
#1028=ORIENTED_EDGE('',*,*,#789,.T.);
#1029=ORIENTED_EDGE('',*,*,#790,.T.);
#1030=ORIENTED_EDGE('',*,*,#791,.T.);
#1031=ORIENTED_EDGE('',*,*,#792,.T.);
#1032=ORIENTED_EDGE('',*,*,#793,.T.);
#1033=ORIENTED_EDGE('',*,*,#790,.F.);
#1034=ORIENTED_EDGE('',*,*,#794,.T.);
#1035=ORIENTED_EDGE('',*,*,#785,.F.);
#1036=ORIENTED_EDGE('',*,*,#795,.T.);
#1037=ORIENTED_EDGE('',*,*,#796,.T.);
#1038=ORIENTED_EDGE('',*,*,#797,.T.);
#1039=ORIENTED_EDGE('',*,*,#798,.T.);
#1040=ORIENTED_EDGE('',*,*,#799,.T.);
#1041=ORIENTED_EDGE('',*,*,#796,.F.);
#1042=ORIENTED_EDGE('',*,*,#800,.T.);
#1043=ORIENTED_EDGE('',*,*,#791,.F.);
#1044=ORIENTED_EDGE('',*,*,#801,.T.);
#1045=ORIENTED_EDGE('',*,*,#786,.F.);
#1046=ORIENTED_EDGE('',*,*,#802,.F.);
#1047=ORIENTED_EDGE('',*,*,#803,.T.);
#1048=ORIENTED_EDGE('',*,*,#804,.T.);
#1049=ORIENTED_EDGE('',*,*,#778,.T.);
#1050=ORIENTED_EDGE('',*,*,#794,.F.);
#1051=ORIENTED_EDGE('',*,*,#805,.F.);
#1052=ORIENTED_EDGE('',*,*,#806,.T.);
#1053=ORIENTED_EDGE('',*,*,#807,.T.);
#1054=ORIENTED_EDGE('',*,*,#808,.T.);
#1055=ORIENTED_EDGE('',*,*,#802,.T.);
#1056=ORIENTED_EDGE('',*,*,#789,.F.);
#1057=ORIENTED_EDGE('',*,*,#809,.T.);
#1058=ORIENTED_EDGE('',*,*,#805,.T.);
#1059=ORIENTED_EDGE('',*,*,#800,.F.);
#1060=ORIENTED_EDGE('',*,*,#810,.T.);
#1061=ORIENTED_EDGE('',*,*,#811,.F.);
#1062=ORIENTED_EDGE('',*,*,#812,.T.);
#1063=ORIENTED_EDGE('',*,*,#813,.T.);
#1064=ORIENTED_EDGE('',*,*,#814,.T.);
#1065=ORIENTED_EDGE('',*,*,#799,.F.);
#1066=ORIENTED_EDGE('',*,*,#815,.T.);
#1067=ORIENTED_EDGE('',*,*,#816,.T.);
#1068=ORIENTED_EDGE('',*,*,#817,.F.);
#1069=ORIENTED_EDGE('',*,*,#810,.F.);
#1070=ORIENTED_EDGE('',*,*,#792,.F.);
#1071=ORIENTED_EDGE('',*,*,#814,.F.);
#1072=ORIENTED_EDGE('',*,*,#818,.T.);
#1073=ORIENTED_EDGE('',*,*,#765,.F.);
#1074=ORIENTED_EDGE('',*,*,#819,.F.);
#1075=ORIENTED_EDGE('',*,*,#797,.F.);
#1076=ORIENTED_EDGE('',*,*,#801,.F.);
#1077=ORIENTED_EDGE('',*,*,#793,.F.);
#1078=ORIENTED_EDGE('',*,*,#788,.F.);
#1079=ORIENTED_EDGE('',*,*,#795,.F.);
#1080=ORIENTED_EDGE('',*,*,#787,.F.);
#1081=ORIENTED_EDGE('',*,*,#776,.T.);
#1082=ORIENTED_EDGE('',*,*,#820,.F.);
#1083=ORIENTED_EDGE('',*,*,#821,.T.);
#1084=ORIENTED_EDGE('',*,*,#822,.T.);
#1085=ORIENTED_EDGE('',*,*,#821,.F.);
#1086=ORIENTED_EDGE('',*,*,#822,.F.);
#1087=ORIENTED_EDGE('',*,*,#823,.F.);
#1088=ORIENTED_EDGE('',*,*,#824,.T.);
#1089=ORIENTED_EDGE('',*,*,#825,.F.);
#1090=ORIENTED_EDGE('',*,*,#824,.F.);
#1091=ORIENTED_EDGE('',*,*,#825,.T.);
#1092=ORIENTED_EDGE('',*,*,#826,.F.);
#1093=ORIENTED_EDGE('',*,*,#827,.T.);
#1094=ORIENTED_EDGE('',*,*,#828,.F.);
#1095=ORIENTED_EDGE('',*,*,#827,.F.);
#1096=ORIENTED_EDGE('',*,*,#828,.T.);
#1097=ORIENTED_EDGE('',*,*,#829,.F.);
#1098=ORIENTED_EDGE('',*,*,#830,.T.);
#1099=ORIENTED_EDGE('',*,*,#831,.T.);
#1100=ORIENTED_EDGE('',*,*,#830,.F.);
#1101=ORIENTED_EDGE('',*,*,#831,.F.);
#1102=ORIENTED_EDGE('',*,*,#832,.T.);
#1103=ORIENTED_EDGE('',*,*,#833,.T.);
#1104=ORIENTED_EDGE('',*,*,#834,.T.);
#1105=ORIENTED_EDGE('',*,*,#835,.T.);
#1106=ORIENTED_EDGE('',*,*,#836,.T.);
#1107=ORIENTED_EDGE('',*,*,#837,.T.);
#1108=ORIENTED_EDGE('',*,*,#820,.T.);
#1109=ORIENTED_EDGE('',*,*,#838,.T.);
#1110=ORIENTED_EDGE('',*,*,#839,.T.);
#1111=ORIENTED_EDGE('',*,*,#840,.T.);
#1112=ORIENTED_EDGE('',*,*,#841,.T.);
#1113=ORIENTED_EDGE('',*,*,#842,.T.);
#1114=ORIENTED_EDGE('',*,*,#843,.T.);
#1115=ORIENTED_EDGE('',*,*,#826,.T.);
#1116=ORIENTED_EDGE('',*,*,#844,.T.);
#1117=ORIENTED_EDGE('',*,*,#845,.T.);
#1118=ORIENTED_EDGE('',*,*,#846,.T.);
#1119=ORIENTED_EDGE('',*,*,#847,.T.);
#1120=ORIENTED_EDGE('',*,*,#848,.T.);
#1121=ORIENTED_EDGE('',*,*,#849,.T.);
#1122=ORIENTED_EDGE('',*,*,#829,.T.);
#1123=ORIENTED_EDGE('',*,*,#850,.T.);
#1124=ORIENTED_EDGE('',*,*,#851,.T.);
#1125=ORIENTED_EDGE('',*,*,#780,.T.);
#1126=ORIENTED_EDGE('',*,*,#852,.T.);
#1127=ORIENTED_EDGE('',*,*,#853,.T.);
#1128=ORIENTED_EDGE('',*,*,#854,.T.);
#1129=ORIENTED_EDGE('',*,*,#823,.T.);
#1130=ORIENTED_EDGE('',*,*,#855,.F.);
#1131=ORIENTED_EDGE('',*,*,#856,.T.);
#1132=ORIENTED_EDGE('',*,*,#857,.T.);
#1133=ORIENTED_EDGE('',*,*,#856,.F.);
#1134=ORIENTED_EDGE('',*,*,#857,.F.);
#1135=ORIENTED_EDGE('',*,*,#858,.F.);
#1136=ORIENTED_EDGE('',*,*,#859,.T.);
#1137=ORIENTED_EDGE('',*,*,#860,.F.);
#1138=ORIENTED_EDGE('',*,*,#859,.F.);
#1139=ORIENTED_EDGE('',*,*,#860,.T.);
#1140=ORIENTED_EDGE('',*,*,#861,.F.);
#1141=ORIENTED_EDGE('',*,*,#862,.T.);
#1142=ORIENTED_EDGE('',*,*,#863,.F.);
#1143=ORIENTED_EDGE('',*,*,#862,.F.);
#1144=ORIENTED_EDGE('',*,*,#863,.T.);
#1145=ORIENTED_EDGE('',*,*,#864,.F.);
#1146=ORIENTED_EDGE('',*,*,#865,.T.);
#1147=ORIENTED_EDGE('',*,*,#866,.T.);
#1148=ORIENTED_EDGE('',*,*,#865,.F.);
#1149=ORIENTED_EDGE('',*,*,#866,.F.);
#1150=ORIENTED_EDGE('',*,*,#867,.T.);
#1151=ORIENTED_EDGE('',*,*,#868,.T.);
#1152=ORIENTED_EDGE('',*,*,#869,.T.);
#1153=ORIENTED_EDGE('',*,*,#870,.T.);
#1154=ORIENTED_EDGE('',*,*,#850,.F.);
#1155=ORIENTED_EDGE('',*,*,#871,.F.);
#1156=ORIENTED_EDGE('',*,*,#872,.F.);
#1157=ORIENTED_EDGE('',*,*,#873,.T.);
#1158=ORIENTED_EDGE('',*,*,#874,.T.);
#1159=ORIENTED_EDGE('',*,*,#875,.F.);
#1160=ORIENTED_EDGE('',*,*,#867,.F.);
#1161=ORIENTED_EDGE('',*,*,#854,.F.);
#1162=ORIENTED_EDGE('',*,*,#876,.F.);
#1163=ORIENTED_EDGE('',*,*,#807,.F.);
#1164=ORIENTED_EDGE('',*,*,#877,.F.);
#1165=ORIENTED_EDGE('',*,*,#878,.T.);
#1166=ORIENTED_EDGE('',*,*,#872,.T.);
#1167=ORIENTED_EDGE('',*,*,#808,.F.);
#1168=ORIENTED_EDGE('',*,*,#876,.T.);
#1169=ORIENTED_EDGE('',*,*,#853,.F.);
#1170=ORIENTED_EDGE('',*,*,#879,.T.);
#1171=ORIENTED_EDGE('',*,*,#803,.F.);
#1172=ORIENTED_EDGE('',*,*,#806,.F.);
#1173=ORIENTED_EDGE('',*,*,#880,.F.);
#1174=ORIENTED_EDGE('',*,*,#881,.F.);
#1175=ORIENTED_EDGE('',*,*,#877,.T.);
#1176=ORIENTED_EDGE('',*,*,#882,.T.);
#1177=ORIENTED_EDGE('',*,*,#883,.T.);
#1178=ORIENTED_EDGE('',*,*,#884,.T.);
#1179=ORIENTED_EDGE('',*,*,#885,.T.);
#1180=ORIENTED_EDGE('',*,*,#838,.F.);
#1181=ORIENTED_EDGE('',*,*,#886,.F.);
#1182=ORIENTED_EDGE('',*,*,#887,.F.);
#1183=ORIENTED_EDGE('',*,*,#888,.T.);
#1184=ORIENTED_EDGE('',*,*,#889,.T.);
#1185=ORIENTED_EDGE('',*,*,#890,.F.);
#1186=ORIENTED_EDGE('',*,*,#882,.F.);
#1187=ORIENTED_EDGE('',*,*,#843,.F.);
#1188=ORIENTED_EDGE('',*,*,#891,.F.);
#1189=ORIENTED_EDGE('',*,*,#892,.F.);
#1190=ORIENTED_EDGE('',*,*,#893,.F.);
#1191=ORIENTED_EDGE('',*,*,#894,.T.);
#1192=ORIENTED_EDGE('',*,*,#887,.T.);
#1193=ORIENTED_EDGE('',*,*,#895,.F.);
#1194=ORIENTED_EDGE('',*,*,#891,.T.);
#1195=ORIENTED_EDGE('',*,*,#842,.F.);
#1196=ORIENTED_EDGE('',*,*,#896,.T.);
#1197=ORIENTED_EDGE('',*,*,#897,.F.);
#1198=ORIENTED_EDGE('',*,*,#898,.F.);
#1199=ORIENTED_EDGE('',*,*,#899,.F.);
#1200=ORIENTED_EDGE('',*,*,#900,.T.);
#1201=ORIENTED_EDGE('',*,*,#893,.T.);
#1202=ORIENTED_EDGE('',*,*,#901,.T.);
#1203=ORIENTED_EDGE('',*,*,#811,.T.);
#1204=ORIENTED_EDGE('',*,*,#817,.T.);
#1205=ORIENTED_EDGE('',*,*,#902,.T.);
#1206=ORIENTED_EDGE('',*,*,#832,.F.);
#1207=ORIENTED_EDGE('',*,*,#813,.F.);
#1208=ORIENTED_EDGE('',*,*,#903,.F.);
#1209=ORIENTED_EDGE('',*,*,#904,.F.);
#1210=ORIENTED_EDGE('',*,*,#905,.T.);
#1211=ORIENTED_EDGE('',*,*,#812,.F.);
#1212=ORIENTED_EDGE('',*,*,#901,.F.);
#1213=ORIENTED_EDGE('',*,*,#837,.F.);
#1214=ORIENTED_EDGE('',*,*,#906,.F.);
#1215=ORIENTED_EDGE('',*,*,#907,.F.);
#1216=ORIENTED_EDGE('',*,*,#908,.F.);
#1217=ORIENTED_EDGE('',*,*,#909,.T.);
#1218=ORIENTED_EDGE('',*,*,#903,.T.);
#1219=ORIENTED_EDGE('',*,*,#910,.F.);
#1220=ORIENTED_EDGE('',*,*,#906,.T.);
#1221=ORIENTED_EDGE('',*,*,#836,.F.);
#1222=ORIENTED_EDGE('',*,*,#911,.T.);
#1223=ORIENTED_EDGE('',*,*,#912,.F.);
#1224=ORIENTED_EDGE('',*,*,#913,.F.);
#1225=ORIENTED_EDGE('',*,*,#914,.F.);
#1226=ORIENTED_EDGE('',*,*,#915,.F.);
#1227=ORIENTED_EDGE('',*,*,#908,.T.);
#1228=ORIENTED_EDGE('',*,*,#916,.T.);
#1229=ORIENTED_EDGE('',*,*,#917,.T.);
#1230=ORIENTED_EDGE('',*,*,#918,.T.);
#1231=ORIENTED_EDGE('',*,*,#919,.T.);
#1232=ORIENTED_EDGE('',*,*,#844,.F.);
#1233=ORIENTED_EDGE('',*,*,#920,.F.);
#1234=ORIENTED_EDGE('',*,*,#921,.F.);
#1235=ORIENTED_EDGE('',*,*,#922,.T.);
#1236=ORIENTED_EDGE('',*,*,#923,.T.);
#1237=ORIENTED_EDGE('',*,*,#924,.F.);
#1238=ORIENTED_EDGE('',*,*,#916,.F.);
#1239=ORIENTED_EDGE('',*,*,#849,.F.);
#1240=ORIENTED_EDGE('',*,*,#925,.F.);
#1241=ORIENTED_EDGE('',*,*,#926,.F.);
#1242=ORIENTED_EDGE('',*,*,#927,.F.);
#1243=ORIENTED_EDGE('',*,*,#928,.T.);
#1244=ORIENTED_EDGE('',*,*,#921,.T.);
#1245=ORIENTED_EDGE('',*,*,#929,.F.);
#1246=ORIENTED_EDGE('',*,*,#925,.T.);
#1247=ORIENTED_EDGE('',*,*,#848,.F.);
#1248=ORIENTED_EDGE('',*,*,#930,.T.);
#1249=ORIENTED_EDGE('',*,*,#931,.F.);
#1250=ORIENTED_EDGE('',*,*,#932,.F.);
#1251=ORIENTED_EDGE('',*,*,#933,.F.);
#1252=ORIENTED_EDGE('',*,*,#934,.F.);
#1253=ORIENTED_EDGE('',*,*,#927,.T.);
#1254=ORIENTED_EDGE('',*,*,#935,.T.);
#1255=ORIENTED_EDGE('',*,*,#936,.T.);
#1256=ORIENTED_EDGE('',*,*,#917,.F.);
#1257=ORIENTED_EDGE('',*,*,#924,.T.);
#1258=ORIENTED_EDGE('',*,*,#920,.T.);
#1259=ORIENTED_EDGE('',*,*,#937,.T.);
#1260=ORIENTED_EDGE('',*,*,#938,.T.);
#1261=ORIENTED_EDGE('',*,*,#935,.F.);
#1262=ORIENTED_EDGE('',*,*,#939,.T.);
#1263=ORIENTED_EDGE('',*,*,#940,.T.);
#1264=ORIENTED_EDGE('',*,*,#937,.F.);
#1265=ORIENTED_EDGE('',*,*,#913,.T.);
#1266=ORIENTED_EDGE('',*,*,#907,.T.);
#1267=ORIENTED_EDGE('',*,*,#910,.T.);
#1268=ORIENTED_EDGE('',*,*,#939,.F.);
#1269=ORIENTED_EDGE('',*,*,#923,.F.);
#1270=ORIENTED_EDGE('',*,*,#941,.F.);
#1271=ORIENTED_EDGE('',*,*,#914,.T.);
#1272=ORIENTED_EDGE('',*,*,#942,.F.);
#1273=ORIENTED_EDGE('',*,*,#880,.T.);
#1274=ORIENTED_EDGE('',*,*,#809,.F.);
#1275=ORIENTED_EDGE('',*,*,#818,.F.);
#1276=ORIENTED_EDGE('',*,*,#905,.F.);
#1277=ORIENTED_EDGE('',*,*,#943,.T.);
#1278=ORIENTED_EDGE('',*,*,#944,.T.);
#1279=ORIENTED_EDGE('',*,*,#868,.F.);
#1280=ORIENTED_EDGE('',*,*,#875,.T.);
#1281=ORIENTED_EDGE('',*,*,#871,.T.);
#1282=ORIENTED_EDGE('',*,*,#945,.T.);
#1283=ORIENTED_EDGE('',*,*,#946,.T.);
#1284=ORIENTED_EDGE('',*,*,#943,.F.);
#1285=ORIENTED_EDGE('',*,*,#947,.T.);
#1286=ORIENTED_EDGE('',*,*,#948,.T.);
#1287=ORIENTED_EDGE('',*,*,#945,.F.);
#1288=ORIENTED_EDGE('',*,*,#898,.T.);
#1289=ORIENTED_EDGE('',*,*,#892,.T.);
#1290=ORIENTED_EDGE('',*,*,#895,.T.);
#1291=ORIENTED_EDGE('',*,*,#947,.F.);
#1292=ORIENTED_EDGE('',*,*,#874,.F.);
#1293=ORIENTED_EDGE('',*,*,#949,.F.);
#1294=ORIENTED_EDGE('',*,*,#899,.T.);
#1295=ORIENTED_EDGE('',*,*,#950,.T.);
#1296=ORIENTED_EDGE('',*,*,#951,.T.);
#1297=ORIENTED_EDGE('',*,*,#883,.F.);
#1298=ORIENTED_EDGE('',*,*,#890,.T.);
#1299=ORIENTED_EDGE('',*,*,#886,.T.);
#1300=ORIENTED_EDGE('',*,*,#952,.T.);
#1301=ORIENTED_EDGE('',*,*,#953,.T.);
#1302=ORIENTED_EDGE('',*,*,#950,.F.);
#1303=ORIENTED_EDGE('',*,*,#954,.T.);
#1304=ORIENTED_EDGE('',*,*,#955,.T.);
#1305=ORIENTED_EDGE('',*,*,#952,.F.);
#1306=ORIENTED_EDGE('',*,*,#932,.T.);
#1307=ORIENTED_EDGE('',*,*,#926,.T.);
#1308=ORIENTED_EDGE('',*,*,#929,.T.);
#1309=ORIENTED_EDGE('',*,*,#954,.F.);
#1310=ORIENTED_EDGE('',*,*,#889,.F.);
#1311=ORIENTED_EDGE('',*,*,#956,.F.);
#1312=ORIENTED_EDGE('',*,*,#933,.T.);
#1313=ORIENTED_EDGE('',*,*,#911,.F.);
#1314=ORIENTED_EDGE('',*,*,#835,.F.);
#1315=ORIENTED_EDGE('',*,*,#957,.F.);
#1316=ORIENTED_EDGE('',*,*,#958,.F.);
#1317=ORIENTED_EDGE('',*,*,#902,.F.);
#1318=ORIENTED_EDGE('',*,*,#816,.F.);
#1319=ORIENTED_EDGE('',*,*,#959,.T.);
#1320=ORIENTED_EDGE('',*,*,#833,.F.);
#1321=ORIENTED_EDGE('',*,*,#919,.F.);
#1322=ORIENTED_EDGE('',*,*,#960,.F.);
#1323=ORIENTED_EDGE('',*,*,#961,.T.);
#1324=ORIENTED_EDGE('',*,*,#845,.F.);
#1325=ORIENTED_EDGE('',*,*,#930,.F.);
#1326=ORIENTED_EDGE('',*,*,#847,.F.);
#1327=ORIENTED_EDGE('',*,*,#962,.F.);
#1328=ORIENTED_EDGE('',*,*,#963,.F.);
#1329=ORIENTED_EDGE('',*,*,#964,.T.);
#1330=ORIENTED_EDGE('',*,*,#965,.T.);
#1331=ORIENTED_EDGE('',*,*,#966,.F.);
#1332=ORIENTED_EDGE('',*,*,#967,.F.);
#1333=ORIENTED_EDGE('',*,*,#940,.F.);
#1334=ORIENTED_EDGE('',*,*,#912,.T.);
#1335=ORIENTED_EDGE('',*,*,#958,.T.);
#1336=ORIENTED_EDGE('',*,*,#968,.T.);
#1337=ORIENTED_EDGE('',*,*,#966,.T.);
#1338=ORIENTED_EDGE('',*,*,#969,.T.);
#1339=ORIENTED_EDGE('',*,*,#960,.T.);
#1340=ORIENTED_EDGE('',*,*,#918,.F.);
#1341=ORIENTED_EDGE('',*,*,#936,.F.);
#1342=ORIENTED_EDGE('',*,*,#938,.F.);
#1343=ORIENTED_EDGE('',*,*,#870,.F.);
#1344=ORIENTED_EDGE('',*,*,#970,.F.);
#1345=ORIENTED_EDGE('',*,*,#781,.T.);
#1346=ORIENTED_EDGE('',*,*,#851,.F.);
#1347=ORIENTED_EDGE('',*,*,#879,.F.);
#1348=ORIENTED_EDGE('',*,*,#852,.F.);
#1349=ORIENTED_EDGE('',*,*,#779,.F.);
#1350=ORIENTED_EDGE('',*,*,#804,.F.);
#1351=ORIENTED_EDGE('',*,*,#772,.F.);
#1352=ORIENTED_EDGE('',*,*,#775,.F.);
#1353=ORIENTED_EDGE('',*,*,#971,.F.);
#1354=ORIENTED_EDGE('',*,*,#967,.T.);
#1355=ORIENTED_EDGE('',*,*,#968,.F.);
#1356=ORIENTED_EDGE('',*,*,#957,.T.);
#1357=ORIENTED_EDGE('',*,*,#834,.F.);
#1358=ORIENTED_EDGE('',*,*,#959,.F.);
#1359=ORIENTED_EDGE('',*,*,#815,.F.);
#1360=ORIENTED_EDGE('',*,*,#798,.F.);
#1361=ORIENTED_EDGE('',*,*,#819,.T.);
#1362=ORIENTED_EDGE('',*,*,#896,.F.);
#1363=ORIENTED_EDGE('',*,*,#841,.F.);
#1364=ORIENTED_EDGE('',*,*,#972,.F.);
#1365=ORIENTED_EDGE('',*,*,#973,.F.);
#1366=ORIENTED_EDGE('',*,*,#885,.F.);
#1367=ORIENTED_EDGE('',*,*,#974,.F.);
#1368=ORIENTED_EDGE('',*,*,#975,.T.);
#1369=ORIENTED_EDGE('',*,*,#839,.F.);
#1370=ORIENTED_EDGE('',*,*,#976,.T.);
#1371=ORIENTED_EDGE('',*,*,#977,.T.);
#1372=ORIENTED_EDGE('',*,*,#978,.F.);
#1373=ORIENTED_EDGE('',*,*,#962,.T.);
#1374=ORIENTED_EDGE('',*,*,#846,.F.);
#1375=ORIENTED_EDGE('',*,*,#961,.F.);
#1376=ORIENTED_EDGE('',*,*,#969,.F.);
#1377=ORIENTED_EDGE('',*,*,#965,.F.);
#1378=ORIENTED_EDGE('',*,*,#979,.T.);
#1379=ORIENTED_EDGE('',*,*,#980,.T.);
#1380=ORIENTED_EDGE('',*,*,#981,.F.);
#1381=ORIENTED_EDGE('',*,*,#977,.F.);
#1382=ORIENTED_EDGE('',*,*,#955,.F.);
#1383=ORIENTED_EDGE('',*,*,#931,.T.);
#1384=ORIENTED_EDGE('',*,*,#963,.T.);
#1385=ORIENTED_EDGE('',*,*,#978,.T.);
#1386=ORIENTED_EDGE('',*,*,#981,.T.);
#1387=ORIENTED_EDGE('',*,*,#982,.T.);
#1388=ORIENTED_EDGE('',*,*,#974,.T.);
#1389=ORIENTED_EDGE('',*,*,#884,.F.);
#1390=ORIENTED_EDGE('',*,*,#951,.F.);
#1391=ORIENTED_EDGE('',*,*,#953,.F.);
#1392=ORIENTED_EDGE('',*,*,#983,.T.);
#1393=ORIENTED_EDGE('',*,*,#783,.T.);
#1394=ORIENTED_EDGE('',*,*,#984,.F.);
#1395=ORIENTED_EDGE('',*,*,#985,.F.);
#1396=ORIENTED_EDGE('',*,*,#986,.F.);
#1397=ORIENTED_EDGE('',*,*,#985,.T.);
#1398=ORIENTED_EDGE('',*,*,#987,.F.);
#1399=ORIENTED_EDGE('',*,*,#972,.T.);
#1400=ORIENTED_EDGE('',*,*,#840,.F.);
#1401=ORIENTED_EDGE('',*,*,#975,.F.);
#1402=ORIENTED_EDGE('',*,*,#982,.F.);
#1403=ORIENTED_EDGE('',*,*,#980,.F.);
#1404=ORIENTED_EDGE('',*,*,#948,.F.);
#1405=ORIENTED_EDGE('',*,*,#897,.T.);
#1406=ORIENTED_EDGE('',*,*,#973,.T.);
#1407=ORIENTED_EDGE('',*,*,#987,.T.);
#1408=ORIENTED_EDGE('',*,*,#984,.T.);
#1409=ORIENTED_EDGE('',*,*,#782,.T.);
#1410=ORIENTED_EDGE('',*,*,#970,.T.);
#1411=ORIENTED_EDGE('',*,*,#869,.F.);
#1412=ORIENTED_EDGE('',*,*,#944,.F.);
#1413=ORIENTED_EDGE('',*,*,#946,.F.);
#1414=ORIENTED_EDGE('',*,*,#784,.F.);
#1415=ORIENTED_EDGE('',*,*,#983,.F.);
#1416=ORIENTED_EDGE('',*,*,#986,.T.);
#1417=ORIENTED_EDGE('',*,*,#979,.F.);
#1418=ORIENTED_EDGE('',*,*,#976,.F.);
#1419=ORIENTED_EDGE('',*,*,#964,.F.);
#1420=ORIENTED_EDGE('',*,*,#971,.T.);
#1421=ORIENTED_EDGE('',*,*,#774,.F.);
#1422=ORIENTED_EDGE('',*,*,#942,.T.);
#1423=ORIENTED_EDGE('',*,*,#904,.T.);
#1424=ORIENTED_EDGE('',*,*,#909,.F.);
#1425=ORIENTED_EDGE('',*,*,#915,.T.);
#1426=ORIENTED_EDGE('',*,*,#941,.T.);
#1427=ORIENTED_EDGE('',*,*,#922,.F.);
#1428=ORIENTED_EDGE('',*,*,#928,.F.);
#1429=ORIENTED_EDGE('',*,*,#934,.T.);
#1430=ORIENTED_EDGE('',*,*,#956,.T.);
#1431=ORIENTED_EDGE('',*,*,#888,.F.);
#1432=ORIENTED_EDGE('',*,*,#894,.F.);
#1433=ORIENTED_EDGE('',*,*,#900,.F.);
#1434=ORIENTED_EDGE('',*,*,#949,.T.);
#1435=ORIENTED_EDGE('',*,*,#873,.F.);
#1436=ORIENTED_EDGE('',*,*,#878,.F.);
#1437=ORIENTED_EDGE('',*,*,#881,.T.);
#1438=ORIENTED_EDGE('',*,*,#855,.T.);
#1439=ORIENTED_EDGE('',*,*,#858,.T.);
#1440=ORIENTED_EDGE('',*,*,#861,.T.);
#1441=ORIENTED_EDGE('',*,*,#864,.T.);
#1442=CYLINDRICAL_SURFACE('',#1588,0.5);
#1443=CYLINDRICAL_SURFACE('',#1591,0.5);
#1444=CYLINDRICAL_SURFACE('',#1597,0.5);
#1445=CYLINDRICAL_SURFACE('',#1598,3.);
#1446=CYLINDRICAL_SURFACE('',#1603,0.8);
#1447=CYLINDRICAL_SURFACE('',#1609,0.8);
#1448=CYLINDRICAL_SURFACE('',#1616,0.5);
#1449=CYLINDRICAL_SURFACE('',#1620,0.5);
#1450=CYLINDRICAL_SURFACE('',#1627,2.05);
#1451=CYLINDRICAL_SURFACE('',#1631,2.05);
#1452=CYLINDRICAL_SURFACE('',#1635,2.05);
#1453=CYLINDRICAL_SURFACE('',#1639,2.05);
#1454=CYLINDRICAL_SURFACE('',#1659,2.);
#1455=CYLINDRICAL_SURFACE('',#1663,2.);
#1456=CYLINDRICAL_SURFACE('',#1667,2.);
#1457=CYLINDRICAL_SURFACE('',#1671,2.);
#1458=CYLINDRICAL_SURFACE('',#1675,2.);
#1459=CYLINDRICAL_SURFACE('',#1678,15.);
#1460=CYLINDRICAL_SURFACE('',#1680,2.);
#1461=CYLINDRICAL_SURFACE('',#1682,2.);
#1462=CYLINDRICAL_SURFACE('',#1685,15.);
#1463=CYLINDRICAL_SURFACE('',#1687,2.);
#1464=CYLINDRICAL_SURFACE('',#1690,2.);
#1465=CYLINDRICAL_SURFACE('',#1692,14.9999999999997);
#1466=CYLINDRICAL_SURFACE('',#1694,2.);
#1467=CYLINDRICAL_SURFACE('',#1697,2.);
#1468=CYLINDRICAL_SURFACE('',#1700,15.);
#1469=CYLINDRICAL_SURFACE('',#1702,2.);
#1470=CYLINDRICAL_SURFACE('',#1705,0.5);
#1471=CYLINDRICAL_SURFACE('',#1711,0.5);
#1472=CYLINDRICAL_SURFACE('',#1712,2.00000000180685);
#1473=CYLINDRICAL_SURFACE('',#1714,2.00000000180685);
#1474=CYLINDRICAL_SURFACE('',#1716,0.5);
#1475=CYLINDRICAL_SURFACE('',#1722,0.5);
#1476=CYLINDRICAL_SURFACE('',#1723,2.00000000180685);
#1477=CYLINDRICAL_SURFACE('',#1725,0.5);
#1478=CYLINDRICAL_SURFACE('',#1731,0.5);
#1479=CYLINDRICAL_SURFACE('',#1732,2.00000000000001);
#1480=CYLINDRICAL_SURFACE('',#1738,3.);
#1481=CYLINDRICAL_SURFACE('',#1748,3.);
#1482=CYLINDRICAL_SURFACE('',#1752,3.);
#1483=ADVANCED_FACE('',(#94),#1442,.T.);
#1484=ADVANCED_FACE('',(#95),#1443,.T.);
#1485=ADVANCED_FACE('',(#96),#88,.T.);
#1486=ADVANCED_FACE('',(#97),#1444,.T.);
#1487=ADVANCED_FACE('',(#98),#1445,.T.);
#1488=ADVANCED_FACE('',(#99),#48,.T.);
#1489=ADVANCED_FACE('',(#100),#49,.T.);
#1490=ADVANCED_FACE('',(#101),#1446,.F.);
#1491=ADVANCED_FACE('',(#102),#44,.T.);
#1492=ADVANCED_FACE('',(#103),#45,.T.);
#1493=ADVANCED_FACE('',(#104),#46,.T.);
#1494=ADVANCED_FACE('',(#105),#1447,.F.);
#1495=ADVANCED_FACE('',(#106),#47,.T.);
#1496=ADVANCED_FACE('',(#107),#50,.T.);
#1497=ADVANCED_FACE('',(#108),#1448,.T.);
#1498=ADVANCED_FACE('',(#109),#89,.T.);
#1499=ADVANCED_FACE('',(#110),#1449,.T.);
#1500=ADVANCED_FACE('',(#111),#51,.T.);
#1501=ADVANCED_FACE('',(#112),#90,.T.);
#1502=ADVANCED_FACE('',(#113),#52,.T.);
#1503=ADVANCED_FACE('',(#114),#1450,.F.);
#1504=ADVANCED_FACE('',(#115),#53,.T.);
#1505=ADVANCED_FACE('',(#116),#1451,.F.);
#1506=ADVANCED_FACE('',(#117),#54,.F.);
#1507=ADVANCED_FACE('',(#118),#1452,.F.);
#1508=ADVANCED_FACE('',(#119),#55,.F.);
#1509=ADVANCED_FACE('',(#120),#1453,.F.);
#1510=ADVANCED_FACE('',(#121),#56,.T.);
#1511=ADVANCED_FACE('',(#122,#15),#57,.T.);
#1512=ADVANCED_FACE('',(#123,#16),#58,.T.);
#1513=ADVANCED_FACE('',(#124,#17),#59,.T.);
#1514=ADVANCED_FACE('',(#125,#18),#60,.T.);
#1515=ADVANCED_FACE('',(#126),#1454,.F.);
#1516=ADVANCED_FACE('',(#127),#61,.F.);
#1517=ADVANCED_FACE('',(#128),#1455,.F.);
#1518=ADVANCED_FACE('',(#129),#62,.T.);
#1519=ADVANCED_FACE('',(#130),#1456,.F.);
#1520=ADVANCED_FACE('',(#131),#63,.T.);
#1521=ADVANCED_FACE('',(#132),#1457,.F.);
#1522=ADVANCED_FACE('',(#133),#64,.F.);
#1523=ADVANCED_FACE('',(#134),#1458,.T.);
#1524=ADVANCED_FACE('',(#135),#65,.T.);
#1525=ADVANCED_FACE('',(#136),#1459,.T.);
#1526=ADVANCED_FACE('',(#137),#1460,.T.);
#1527=ADVANCED_FACE('',(#138),#66,.T.);
#1528=ADVANCED_FACE('',(#139),#1461,.T.);
#1529=ADVANCED_FACE('',(#140),#67,.T.);
#1530=ADVANCED_FACE('',(#141),#1462,.T.);
#1531=ADVANCED_FACE('',(#142),#1463,.T.);
#1532=ADVANCED_FACE('',(#143),#68,.T.);
#1533=ADVANCED_FACE('',(#144),#1464,.T.);
#1534=ADVANCED_FACE('',(#145),#69,.T.);
#1535=ADVANCED_FACE('',(#146),#1465,.T.);
#1536=ADVANCED_FACE('',(#147),#1466,.T.);
#1537=ADVANCED_FACE('',(#148),#70,.T.);
#1538=ADVANCED_FACE('',(#149),#1467,.T.);
#1539=ADVANCED_FACE('',(#150),#71,.T.);
#1540=ADVANCED_FACE('',(#151),#1468,.T.);
#1541=ADVANCED_FACE('',(#152),#1469,.T.);
#1542=ADVANCED_FACE('',(#153),#72,.T.);
#1543=ADVANCED_FACE('',(#154),#1470,.T.);
#1544=ADVANCED_FACE('',(#155),#91,.T.);
#1545=ADVANCED_FACE('',(#156),#1471,.T.);
#1546=ADVANCED_FACE('',(#157),#1472,.F.);
#1547=ADVANCED_FACE('',(#158),#1473,.F.);
#1548=ADVANCED_FACE('',(#159),#1474,.T.);
#1549=ADVANCED_FACE('',(#160),#92,.T.);
#1550=ADVANCED_FACE('',(#161),#1475,.T.);
#1551=ADVANCED_FACE('',(#162),#1476,.F.);
#1552=ADVANCED_FACE('',(#163),#1477,.T.);
#1553=ADVANCED_FACE('',(#164),#93,.T.);
#1554=ADVANCED_FACE('',(#165),#1478,.T.);
#1555=ADVANCED_FACE('',(#166),#1479,.F.);
#1556=ADVANCED_FACE('',(#167),#73,.T.);
#1557=ADVANCED_FACE('',(#168),#74,.T.);
#1558=ADVANCED_FACE('',(#169),#75,.T.);
#1559=ADVANCED_FACE('',(#170),#76,.T.);
#1560=ADVANCED_FACE('',(#171),#1480,.T.);
#1561=ADVANCED_FACE('',(#172),#77,.T.);
#1562=ADVANCED_FACE('',(#173),#78,.T.);
#1563=ADVANCED_FACE('',(#174),#79,.T.);
#1564=ADVANCED_FACE('',(#175),#80,.T.);
#1565=ADVANCED_FACE('',(#176),#81,.T.);
#1566=ADVANCED_FACE('',(#177),#82,.T.);
#1567=ADVANCED_FACE('',(#178),#83,.T.);
#1568=ADVANCED_FACE('',(#179),#1481,.T.);
#1569=ADVANCED_FACE('',(#180),#84,.T.);
#1570=ADVANCED_FACE('',(#181),#1482,.T.);
#1571=ADVANCED_FACE('',(#182),#85,.T.);
#1572=ADVANCED_FACE('',(#183),#86,.T.);
#1573=ADVANCED_FACE('',(#184,#19,#20,#21,#22,#23),#87,.F.);
#1574=CLOSED_SHELL('',(#1483,#1484,#1485,#1486,#1487,#1488,#1489,#1490,
#1491,#1492,#1493,#1494,#1495,#1496,#1497,#1498,#1499,#1500,#1501,#1502,
#1503,#1504,#1505,#1506,#1507,#1508,#1509,#1510,#1511,#1512,#1513,#1514,
#1515,#1516,#1517,#1518,#1519,#1520,#1521,#1522,#1523,#1524,#1525,#1526,
#1527,#1528,#1529,#1530,#1531,#1532,#1533,#1534,#1535,#1536,#1537,#1538,
#1539,#1540,#1541,#1542,#1543,#1544,#1545,#1546,#1547,#1548,#1549,#1550,
#1551,#1552,#1553,#1554,#1555,#1556,#1557,#1558,#1559,#1560,#1561,#1562,
#1563,#1564,#1565,#1566,#1567,#1568,#1569,#1570,#1571,#1572,#1573));
#1575=DERIVED_UNIT_ELEMENT(#1577,1.);
#1576=DERIVED_UNIT_ELEMENT(#2933,-3.);
#1577=(
MASS_UNIT()
NAMED_UNIT(*)
SI_UNIT(.KILO.,.GRAM.)
);
#1578=DERIVED_UNIT((#1575,#1576));
#1579=MEASURE_REPRESENTATION_ITEM('density measure',
POSITIVE_RATIO_MEASURE(7850.),#1578);
#1580=PROPERTY_DEFINITION_REPRESENTATION(#1585,#1582);
#1581=PROPERTY_DEFINITION_REPRESENTATION(#1586,#1583);
#1582=REPRESENTATION('material name',(#1584),#2930);
#1583=REPRESENTATION('density',(#1579),#2930);
#1584=DESCRIPTIVE_REPRESENTATION_ITEM('\X2\94A2\X0\','\X2\94A2\X0\');
#1585=PROPERTY_DEFINITION('material property','material name',#2940);
#1586=PROPERTY_DEFINITION('material property','density of part',#2940);
#1587=AXIS2_PLACEMENT_3D('',#2224,#1758,#1759);
#1588=AXIS2_PLACEMENT_3D('',#2225,#1760,#1761);
#1589=AXIS2_PLACEMENT_3D('',#2230,#1763,#1764);
#1590=AXIS2_PLACEMENT_3D('',#2233,#1766,#1767);
#1591=AXIS2_PLACEMENT_3D('',#2234,#1768,#1769);
#1592=AXIS2_PLACEMENT_3D('',#2239,#1772,#1773);
#1593=AXIS2_PLACEMENT_3D('',#2240,#1774,#1775);
#1594=AXIS2_PLACEMENT_3D('',#2243,#1776,#1777);
#1595=AXIS2_PLACEMENT_3D('',#2244,#1778,#1779);
#1596=AXIS2_PLACEMENT_3D('',#2245,#1780,#1781);
#1597=AXIS2_PLACEMENT_3D('',#2246,#1782,#1783);
#1598=AXIS2_PLACEMENT_3D('',#2249,#1786,#1787);
#1599=AXIS2_PLACEMENT_3D('',#2253,#1789,#1790);
#1600=AXIS2_PLACEMENT_3D('',#2255,#1792,#1793);
#1601=AXIS2_PLACEMENT_3D('',#2259,#1795,#1796);
#1602=AXIS2_PLACEMENT_3D('',#2273,#1804,#1805);
#1603=AXIS2_PLACEMENT_3D('',#2274,#1806,#1807);
#1604=AXIS2_PLACEMENT_3D('',#2277,#1808,#1809);
#1605=AXIS2_PLACEMENT_3D('',#2339,#1812,#1813);
#1606=AXIS2_PLACEMENT_3D('',#2382,#1814,#1815);
#1607=AXIS2_PLACEMENT_3D('',#2419,#1816,#1817);
#1608=AXIS2_PLACEMENT_3D('',#2420,#1818,#1819);
#1609=AXIS2_PLACEMENT_3D('',#2421,#1820,#1821);
#1610=AXIS2_PLACEMENT_3D('',#2424,#1822,#1823);
#1611=AXIS2_PLACEMENT_3D('',#2428,#1825,#1826);
#1612=AXIS2_PLACEMENT_3D('',#2450,#1828,#1829);
#1613=AXIS2_PLACEMENT_3D('',#2451,#1830,#1831);
#1614=AXIS2_PLACEMENT_3D('',#2452,#1832,#1833);
#1615=AXIS2_PLACEMENT_3D('',#2456,#1835,#1836);
#1616=AXIS2_PLACEMENT_3D('',#2458,#1838,#1839);
#1617=AXIS2_PLACEMENT_3D('',#2460,#1840,#1841);
#1618=AXIS2_PLACEMENT_3D('',#2478,#1843,#1844);
#1619=AXIS2_PLACEMENT_3D('',#2479,#1845,#1846);
#1620=AXIS2_PLACEMENT_3D('',#2480,#1847,#1848);
#1621=AXIS2_PLACEMENT_3D('',#2501,#1851,#1852);
#1622=AXIS2_PLACEMENT_3D('',#2502,#1853,#1854);
#1623=AXIS2_PLACEMENT_3D('',#2507,#1857,#1858);
#1624=AXIS2_PLACEMENT_3D('',#2508,#1859,#1860);
#1625=AXIS2_PLACEMENT_3D('',#2509,#1861,#1862);
#1626=AXIS2_PLACEMENT_3D('',#2510,#1863,#1864);
#1627=AXIS2_PLACEMENT_3D('',#2512,#1866,#1867);
#1628=AXIS2_PLACEMENT_3D('',#2514,#1868,#1869);
#1629=AXIS2_PLACEMENT_3D('',#2517,#1871,#1872);
#1630=AXIS2_PLACEMENT_3D('',#2518,#1873,#1874);
#1631=AXIS2_PLACEMENT_3D('',#2519,#1875,#1876);
#1632=AXIS2_PLACEMENT_3D('',#2521,#1877,#1878);
#1633=AXIS2_PLACEMENT_3D('',#2524,#1880,#1881);
#1634=AXIS2_PLACEMENT_3D('',#2525,#1882,#1883);
#1635=AXIS2_PLACEMENT_3D('',#2526,#1884,#1885);
#1636=AXIS2_PLACEMENT_3D('',#2528,#1886,#1887);
#1637=AXIS2_PLACEMENT_3D('',#2531,#1889,#1890);
#1638=AXIS2_PLACEMENT_3D('',#2532,#1891,#1892);
#1639=AXIS2_PLACEMENT_3D('',#2533,#1893,#1894);
#1640=AXIS2_PLACEMENT_3D('',#2535,#1895,#1896);
#1641=AXIS2_PLACEMENT_3D('',#2538,#1898,#1899);
#1642=AXIS2_PLACEMENT_3D('',#2539,#1900,#1901);
#1643=AXIS2_PLACEMENT_3D('',#2540,#1902,#1903);
#1644=AXIS2_PLACEMENT_3D('',#2543,#1904,#1905);
#1645=AXIS2_PLACEMENT_3D('',#2551,#1909,#1910);
#1646=AXIS2_PLACEMENT_3D('',#2552,#1911,#1912);
#1647=AXIS2_PLACEMENT_3D('',#2553,#1913,#1914);
#1648=AXIS2_PLACEMENT_3D('',#2556,#1915,#1916);
#1649=AXIS2_PLACEMENT_3D('',#2564,#1920,#1921);
#1650=AXIS2_PLACEMENT_3D('',#2565,#1922,#1923);
#1651=AXIS2_PLACEMENT_3D('',#2566,#1924,#1925);
#1652=AXIS2_PLACEMENT_3D('',#2569,#1926,#1927);
#1653=AXIS2_PLACEMENT_3D('',#2577,#1931,#1932);
#1654=AXIS2_PLACEMENT_3D('',#2578,#1933,#1934);
#1655=AXIS2_PLACEMENT_3D('',#2579,#1935,#1936);
#1656=AXIS2_PLACEMENT_3D('',#2582,#1937,#1938);
#1657=AXIS2_PLACEMENT_3D('',#2587,#1941,#1942);
#1658=AXIS2_PLACEMENT_3D('',#2588,#1943,#1944);
#1659=AXIS2_PLACEMENT_3D('',#2589,#1945,#1946);
#1660=AXIS2_PLACEMENT_3D('',#2591,#1947,#1948);
#1661=AXIS2_PLACEMENT_3D('',#2594,#1950,#1951);
#1662=AXIS2_PLACEMENT_3D('',#2595,#1952,#1953);
#1663=AXIS2_PLACEMENT_3D('',#2596,#1954,#1955);
#1664=AXIS2_PLACEMENT_3D('',#2598,#1956,#1957);
#1665=AXIS2_PLACEMENT_3D('',#2601,#1959,#1960);
#1666=AXIS2_PLACEMENT_3D('',#2602,#1961,#1962);
#1667=AXIS2_PLACEMENT_3D('',#2603,#1963,#1964);
#1668=AXIS2_PLACEMENT_3D('',#2605,#1965,#1966);
#1669=AXIS2_PLACEMENT_3D('',#2608,#1968,#1969);
#1670=AXIS2_PLACEMENT_3D('',#2609,#1970,#1971);
#1671=AXIS2_PLACEMENT_3D('',#2610,#1972,#1973);
#1672=AXIS2_PLACEMENT_3D('',#2612,#1974,#1975);
#1673=AXIS2_PLACEMENT_3D('',#2615,#1977,#1978);
#1674=AXIS2_PLACEMENT_3D('',#2616,#1979,#1980);
#1675=AXIS2_PLACEMENT_3D('',#2617,#1981,#1982);
#1676=AXIS2_PLACEMENT_3D('',#2632,#1984,#1985);
#1677=AXIS2_PLACEMENT_3D('',#2634,#1987,#1988);
#1678=AXIS2_PLACEMENT_3D('',#2643,#1993,#1994);
#1679=AXIS2_PLACEMENT_3D('',#2651,#1997,#1998);
#1680=AXIS2_PLACEMENT_3D('',#2652,#1999,#2000);
#1681=AXIS2_PLACEMENT_3D('',#2654,#2002,#2003);
#1682=AXIS2_PLACEMENT_3D('',#2658,#2006,#2007);
#1683=AXIS2_PLACEMENT_3D('',#2673,#2009,#2010);
#1684=AXIS2_PLACEMENT_3D('',#2675,#2012,#2013);
#1685=AXIS2_PLACEMENT_3D('',#2684,#2018,#2019);
#1686=AXIS2_PLACEMENT_3D('',#2698,#2022,#2023);
#1687=AXIS2_PLACEMENT_3D('',#2699,#2024,#2025);
#1688=AXIS2_PLACEMENT_3D('',#2713,#2027,#2028);
#1689=AXIS2_PLACEMENT_3D('',#2714,#2029,#2030);
#1690=AXIS2_PLACEMENT_3D('',#2720,#2034,#2035);
#1691=AXIS2_PLACEMENT_3D('',#2723,#2038,#2039);
#1692=AXIS2_PLACEMENT_3D('',#2729,#2043,#2044);
#1693=AXIS2_PLACEMENT_3D('',#2739,#2047,#2048);
#1694=AXIS2_PLACEMENT_3D('',#2740,#2049,#2050);
#1695=AXIS2_PLACEMENT_3D('',#2754,#2052,#2053);
#1696=AXIS2_PLACEMENT_3D('',#2755,#2054,#2055);
#1697=AXIS2_PLACEMENT_3D('',#2761,#2059,#2060);
#1698=AXIS2_PLACEMENT_3D('',#2776,#2062,#2063);
#1699=AXIS2_PLACEMENT_3D('',#2778,#2065,#2066);
#1700=AXIS2_PLACEMENT_3D('',#2787,#2071,#2072);
#1701=AXIS2_PLACEMENT_3D('',#2801,#2075,#2076);
#1702=AXIS2_PLACEMENT_3D('',#2802,#2077,#2078);
#1703=AXIS2_PLACEMENT_3D('',#2816,#2080,#2081);
#1704=AXIS2_PLACEMENT_3D('',#2817,#2082,#2083);
#1705=AXIS2_PLACEMENT_3D('',#2823,#2087,#2088);
#1706=AXIS2_PLACEMENT_3D('',#2825,#2089,#2090);
#1707=AXIS2_PLACEMENT_3D('',#2827,#2092,#2093);
#1708=AXIS2_PLACEMENT_3D('',#2829,#2094,#2095);
#1709=AXIS2_PLACEMENT_3D('',#2830,#2096,#2097);
#1710=AXIS2_PLACEMENT_3D('',#2831,#2098,#2099);
#1711=AXIS2_PLACEMENT_3D('',#2832,#2100,#2101);
#1712=AXIS2_PLACEMENT_3D('',#2834,#2103,#2104);
#1713=AXIS2_PLACEMENT_3D('',#2835,#2105,#2106);
#1714=AXIS2_PLACEMENT_3D('',#2836,#2107,#2108);
#1715=AXIS2_PLACEMENT_3D('',#2837,#2109,#2110);
#1716=AXIS2_PLACEMENT_3D('',#2838,#2111,#2112);
#1717=AXIS2_PLACEMENT_3D('',#2840,#2113,#2114);
#1718=AXIS2_PLACEMENT_3D('',#2842,#2116,#2117);
#1719=AXIS2_PLACEMENT_3D('',#2844,#2118,#2119);
#1720=AXIS2_PLACEMENT_3D('',#2845,#2120,#2121);
#1721=AXIS2_PLACEMENT_3D('',#2846,#2122,#2123);
#1722=AXIS2_PLACEMENT_3D('',#2847,#2124,#2125);
#1723=AXIS2_PLACEMENT_3D('',#2849,#2127,#2128);
#1724=AXIS2_PLACEMENT_3D('',#2850,#2129,#2130);
#1725=AXIS2_PLACEMENT_3D('',#2851,#2131,#2132);
#1726=AXIS2_PLACEMENT_3D('',#2853,#2133,#2134);
#1727=AXIS2_PLACEMENT_3D('',#2855,#2136,#2137);
#1728=AXIS2_PLACEMENT_3D('',#2857,#2138,#2139);
#1729=AXIS2_PLACEMENT_3D('',#2858,#2140,#2141);
#1730=AXIS2_PLACEMENT_3D('',#2859,#2142,#2143);
#1731=AXIS2_PLACEMENT_3D('',#2860,#2144,#2145);
#1732=AXIS2_PLACEMENT_3D('',#2862,#2147,#2148);
#1733=AXIS2_PLACEMENT_3D('',#2863,#2149,#2150);
#1734=AXIS2_PLACEMENT_3D('',#2864,#2151,#2152);
#1735=AXIS2_PLACEMENT_3D('',#2868,#2155,#2156);
#1736=AXIS2_PLACEMENT_3D('',#2870,#2158,#2159);
#1737=AXIS2_PLACEMENT_3D('',#2874,#2162,#2163);
#1738=AXIS2_PLACEMENT_3D('',#2878,#2166,#2167);
#1739=AXIS2_PLACEMENT_3D('',#2881,#2168,#2169);
#1740=AXIS2_PLACEMENT_3D('',#2885,#2171,#2172);
#1741=AXIS2_PLACEMENT_3D('',#2887,#2174,#2175);
#1742=AXIS2_PLACEMENT_3D('',#2890,#2178,#2179);
#1743=AXIS2_PLACEMENT_3D('',#2892,#2181,#2182);
#1744=AXIS2_PLACEMENT_3D('',#2893,#2183,#2184);
#1745=AXIS2_PLACEMENT_3D('',#2895,#2186,#2187);
#1746=AXIS2_PLACEMENT_3D('',#2899,#2190,#2191);
#1747=AXIS2_PLACEMENT_3D('',#2903,#2194,#2195);
#1748=AXIS2_PLACEMENT_3D('',#2909,#2199,#2200);
#1749=AXIS2_PLACEMENT_3D('',#2911,#2201,#2202);
#1750=AXIS2_PLACEMENT_3D('',#2914,#2204,#2205);
#1751=AXIS2_PLACEMENT_3D('',#2915,#2206,#2207);
#1752=AXIS2_PLACEMENT_3D('',#2917,#2209,#2210);
#1753=AXIS2_PLACEMENT_3D('',#2919,#2211,#2212);
#1754=AXIS2_PLACEMENT_3D('',#2921,#2213,#2214);
#1755=AXIS2_PLACEMENT_3D('',#2923,#2216,#2217);
#1756=AXIS2_PLACEMENT_3D('',#2926,#2220,#2221);
#1757=AXIS2_PLACEMENT_3D('',#2927,#2222,#2223);
#1758=DIRECTION('axis',(0.,0.,1.));
#1759=DIRECTION('refdir',(1.,0.,0.));
#1760=DIRECTION('center_axis',(0.,-1.,0.));
#1761=DIRECTION('ref_axis',(-0.707106781186547,0.,0.707106781186548));
#1762=DIRECTION('',(0.,-1.,0.));
#1763=DIRECTION('center_axis',(0.,1.,0.));
#1764=DIRECTION('ref_axis',(-1.,0.,0.));
#1765=DIRECTION('',(0.,1.,0.));
#1766=DIRECTION('center_axis',(-0.923879532511285,-0.382683432365095,0.));
#1767=DIRECTION('ref_axis',(-0.382683432365095,0.923879532511285,0.));
#1768=DIRECTION('center_axis',(-0.707106781186548,0.707106781186547,0.));
#1769=DIRECTION('ref_axis',(0.5,0.5,0.707106781186548));
#1770=DIRECTION('',(-0.707106781186548,0.707106781186547,0.));
#1771=DIRECTION('',(0.707106781186548,-0.707106781186547,0.));
#1772=DIRECTION('center_axis',(0.382683432365088,0.923879532511288,0.));
#1773=DIRECTION('ref_axis',(0.923879532511287,-0.382683432365088,0.));
#1774=DIRECTION('center_axis',(0.,0.,1.));
#1775=DIRECTION('ref_axis',(1.,0.,0.));
#1776=DIRECTION('center_axis',(-1.,0.,0.));
#1777=DIRECTION('ref_axis',(0.,-1.,0.));
#1778=DIRECTION('center_axis',(0.,0.,-1.));
#1779=DIRECTION('ref_axis',(-0.707106781186549,-0.707106781186546,0.));
#1780=DIRECTION('center_axis',(0.,0.,1.));
#1781=DIRECTION('ref_axis',(-0.707106781186549,-0.707106781186546,0.));
#1782=DIRECTION('center_axis',(1.,0.,0.));
#1783=DIRECTION('ref_axis',(0.,-0.707106781186547,0.707106781186548));
#1784=DIRECTION('',(-1.,0.,0.));
#1785=DIRECTION('',(1.,0.,0.));
#1786=DIRECTION('center_axis',(0.,0.,1.));
#1787=DIRECTION('ref_axis',(-1.,0.,0.));
#1788=DIRECTION('',(0.,0.,1.));
#1789=DIRECTION('center_axis',(0.,0.,1.));
#1790=DIRECTION('ref_axis',(-1.,0.,0.));
#1791=DIRECTION('',(0.,0.,1.));
#1792=DIRECTION('center_axis',(-1.,0.,0.));
#1793=DIRECTION('ref_axis',(0.,-1.,0.));
#1794=DIRECTION('',(0.,0.,1.));
#1795=DIRECTION('center_axis',(-1.,0.,0.));
#1796=DIRECTION('ref_axis',(0.,-1.,6.1331736667335E-17));
#1797=DIRECTION('',(0.,-1.,0.));
#1798=DIRECTION('',(0.,0.,1.));
#1799=DIRECTION('',(0.,-1.,0.));
#1800=DIRECTION('',(0.,0.,1.));
#1801=DIRECTION('',(0.,-1.,0.));
#1802=DIRECTION('',(0.,0.,1.));
#1803=DIRECTION('',(0.,-1.,0.));
#1804=DIRECTION('center_axis',(0.,0.,1.));
#1805=DIRECTION('ref_axis',(1.,0.,0.));
#1806=DIRECTION('center_axis',(0.707106781186548,-0.707106781186547,0.));
#1807=DIRECTION('ref_axis',(-0.500000000000001,-0.500000000000001,-0.707106781186546));
#1808=DIRECTION('center_axis',(0.707106781186548,-0.707106781186548,0.));
#1809=DIRECTION('ref_axis',(-0.707106781186547,-0.707106781186547,0.));
#1810=DIRECTION('',(-0.707106781186548,0.707106781186547,0.));
#1811=DIRECTION('',(0.707106781186548,-0.707106781186547,0.));
#1812=DIRECTION('center_axis',(-0.702752343586245,0.702752343586245,0.11080743281965));
#1813=DIRECTION('ref_axis',(-0.125088149178476,0.0312720357930951,-0.991652668383673));
#1814=DIRECTION('center_axis',(0.702752343586245,-0.702752343586245,0.110807432819642));
#1815=DIRECTION('ref_axis',(-0.707106781186547,-0.707106781186547,0.));
#1816=DIRECTION('center_axis',(-0.947630991246864,-0.319367350285663,0.));
#1817=DIRECTION('ref_axis',(0.319367350285663,-0.947630991246864,2.99574867649064E-16));
#1818=DIRECTION('center_axis',(0.707106781186547,0.707106781186548,0.));
#1819=DIRECTION('ref_axis',(0.707106781186548,-0.707106781186547,3.66157070433078E-16));
#1820=DIRECTION('center_axis',(0.707106781186548,-0.707106781186547,0.));
#1821=DIRECTION('ref_axis',(-0.500000000000001,-0.500000000000001,-0.707106781186546));
#1822=DIRECTION('center_axis',(-0.707106781186548,0.707106781186548,0.));
#1823=DIRECTION('ref_axis',(5.55111512312578E-15,5.55111512312578E-15,-1.));
#1824=DIRECTION('',(0.707106781186548,-0.707106781186547,0.));
#1825=DIRECTION('center_axis',(0.,-1.,0.));
#1826=DIRECTION('ref_axis',(-1.,0.,-6.13317366673349E-17));
#1827=DIRECTION('',(-0.707106781186548,0.707106781186547,0.));
#1828=DIRECTION('center_axis',(-0.319367350285663,-0.947630991246864,1.12532058474504E-14));
#1829=DIRECTION('ref_axis',(-0.947630991246864,0.319367350285663,1.49787433824532E-16));
#1830=DIRECTION('center_axis',(0.707106781186547,0.707106781186548,0.));
#1831=DIRECTION('ref_axis',(-0.707106781186548,0.707106781186547,2.74617802824808E-16));
#1832=DIRECTION('center_axis',(0.,0.,1.));
#1833=DIRECTION('ref_axis',(1.,0.,0.));
#1834=DIRECTION('',(0.242535614076039,0.970142502885405,0.));
#1835=DIRECTION('center_axis',(0.,0.,-1.));
#1836=DIRECTION('ref_axis',(0.,1.,0.));
#1837=DIRECTION('',(-1.,4.03717477597828E-16,0.));
#1838=DIRECTION('center_axis',(0.242535614076039,0.970142502885405,0.));
#1839=DIRECTION('ref_axis',(0.685994342507563,-0.171498577392415,0.707106781186543));
#1840=DIRECTION('center_axis',(-0.242535614076038,-0.970142502885406,0.));
#1841=DIRECTION('ref_axis',(0.970142502885406,-0.242535614076038,0.));
#1842=DIRECTION('',(0.242535614076039,0.970142502885405,0.));
#1843=DIRECTION('center_axis',(0.,0.,-1.));
#1844=DIRECTION('ref_axis',(-1.,0.,0.));
#1845=DIRECTION('center_axis',(0.,0.,-1.));
#1846=DIRECTION('ref_axis',(-0.707106781186548,-0.707106781186548,0.));
#1847=DIRECTION('center_axis',(-0.970142502885405,-0.242535614076039,0.));
#1848=DIRECTION('ref_axis',(-0.171498577392411,0.685994342507557,0.70710678118655));
#1849=DIRECTION('',(0.970142502885405,0.242535614076039,0.));
#1850=DIRECTION('',(-0.970142502885405,-0.242535614076039,0.));
#1851=DIRECTION('center_axis',(0.970142502885405,0.24253561407604,0.));
#1852=DIRECTION('ref_axis',(-0.24253561407604,0.970142502885405,0.));
#1853=DIRECTION('center_axis',(0.,0.,1.));
#1854=DIRECTION('ref_axis',(1.,0.,0.));
#1855=DIRECTION('',(1.,0.,0.));
#1856=DIRECTION('',(0.,1.,0.));
#1857=DIRECTION('center_axis',(0.,0.,-1.));
#1858=DIRECTION('ref_axis',(1.,0.,0.));
#1859=DIRECTION('center_axis',(0.,0.,-1.));
#1860=DIRECTION('ref_axis',(-1.,0.,0.));
#1861=DIRECTION('center_axis',(0.,0.,-1.));
#1862=DIRECTION('ref_axis',(-0.707106781186548,-0.707106781186548,0.));
#1863=DIRECTION('center_axis',(0.707106781186547,0.707106781186548,0.));
#1864=DIRECTION('ref_axis',(-0.707106781186548,0.707106781186547,0.));
#1865=DIRECTION('',(0.,0.,1.));
#1866=DIRECTION('center_axis',(0.,0.,-1.));
#1867=DIRECTION('ref_axis',(-2.22044604925031E-16,1.,0.));
#1868=DIRECTION('center_axis',(0.,0.,-1.));
#1869=DIRECTION('ref_axis',(-2.22044604925031E-16,1.,0.));
#1870=DIRECTION('',(0.,0.,-1.));
#1871=DIRECTION('center_axis',(0.,0.,-1.));
#1872=DIRECTION('ref_axis',(-2.22044604925031E-16,1.,0.));
#1873=DIRECTION('center_axis',(0.,0.,1.));
#1874=DIRECTION('ref_axis',(-2.22044604925031E-16,1.,0.));
#1875=DIRECTION('center_axis',(0.,0.,1.));
#1876=DIRECTION('ref_axis',(1.,0.,0.));
#1877=DIRECTION('center_axis',(0.,0.,-1.));
#1878=DIRECTION('ref_axis',(1.,0.,0.));
#1879=DIRECTION('',(0.,0.,-1.));
#1880=DIRECTION('center_axis',(0.,0.,1.));
#1881=DIRECTION('ref_axis',(1.,0.,0.));
#1882=DIRECTION('center_axis',(0.,0.,-1.));
#1883=DIRECTION('ref_axis',(1.,0.,0.));
#1884=DIRECTION('center_axis',(0.,0.,1.));
#1885=DIRECTION('ref_axis',(-2.22044604925031E-16,-1.,0.));
#1886=DIRECTION('center_axis',(0.,0.,-1.));
#1887=DIRECTION('ref_axis',(-2.22044604925031E-16,-1.,0.));
#1888=DIRECTION('',(0.,0.,-1.));
#1889=DIRECTION('center_axis',(0.,0.,1.));
#1890=DIRECTION('ref_axis',(-2.22044604925031E-16,-1.,0.));
#1891=DIRECTION('center_axis',(0.,0.,-1.));
#1892=DIRECTION('ref_axis',(-2.22044604925031E-16,-1.,0.));
#1893=DIRECTION('center_axis',(0.,0.,-1.));
#1894=DIRECTION('ref_axis',(-1.,0.,0.));
#1895=DIRECTION('center_axis',(0.,0.,-1.));
#1896=DIRECTION('ref_axis',(-1.,0.,0.));
#1897=DIRECTION('',(0.,0.,-1.));
#1898=DIRECTION('center_axis',(0.,0.,-1.));
#1899=DIRECTION('ref_axis',(-1.,0.,0.));
#1900=DIRECTION('center_axis',(0.,0.,1.));
#1901=DIRECTION('ref_axis',(-1.,0.,0.));
#1902=DIRECTION('center_axis',(0.,0.,1.));
#1903=DIRECTION('ref_axis',(1.,0.,0.));
#1904=DIRECTION('center_axis',(0.,0.,1.));
#1905=DIRECTION('ref_axis',(1.,0.,0.));
#1906=DIRECTION('',(1.85037167809796E-16,-1.,0.));
#1907=DIRECTION('',(1.,0.,0.));
#1908=DIRECTION('',(5.55111503413615E-16,1.,0.));
#1909=DIRECTION('center_axis',(0.,0.,1.));
#1910=DIRECTION('ref_axis',(-1.,0.,0.));
#1911=DIRECTION('center_axis',(0.,0.,1.));
#1912=DIRECTION('ref_axis',(0.242535614076039,0.970142502885405,0.));
#1913=DIRECTION('center_axis',(0.,0.,1.));
#1914=DIRECTION('ref_axis',(1.,0.,0.));
#1915=DIRECTION('center_axis',(0.,0.,1.));
#1916=DIRECTION('ref_axis',(-1.,0.,0.));
#1917=DIRECTION('',(-3.70074335265312E-16,1.,0.));
#1918=DIRECTION('',(-1.,6.16790569236198E-17,0.));
#1919=DIRECTION('',(5.55111503945033E-16,-1.,0.));
#1920=DIRECTION('center_axis',(0.,0.,1.));
#1921=DIRECTION('ref_axis',(1.,0.,0.));
#1922=DIRECTION('center_axis',(0.,0.,1.));
#1923=DIRECTION('ref_axis',(-0.242535614076039,-0.970142502885405,0.));
#1924=DIRECTION('center_axis',(0.,0.,1.));
#1925=DIRECTION('ref_axis',(1.,0.,0.));
#1926=DIRECTION('center_axis',(0.,0.,1.));
#1927=DIRECTION('ref_axis',(0.,1.,0.));
#1928=DIRECTION('',(1.,0.,0.));
#1929=DIRECTION('',(0.,1.,0.));
#1930=DIRECTION('',(-1.,1.51394054099185E-16,0.));
#1931=DIRECTION('center_axis',(0.,0.,1.));
#1932=DIRECTION('ref_axis',(0.,-1.,0.));
#1933=DIRECTION('center_axis',(0.,0.,1.));
#1934=DIRECTION('ref_axis',(-0.970142502885405,0.242535614076039,0.));
#1935=DIRECTION('center_axis',(0.,0.,1.));
#1936=DIRECTION('ref_axis',(1.,0.,0.));
#1937=DIRECTION('center_axis',(0.,0.,1.));
#1938=DIRECTION('ref_axis',(0.00363797240825692,-0.999993382556483,0.));
#1939=DIRECTION('',(-0.999993382556483,-0.003637972408258,0.));
#1940=DIRECTION('',(1.,-4.03717477597828E-16,0.));
#1941=DIRECTION('center_axis',(0.,0.,1.));
#1942=DIRECTION('ref_axis',(0.,1.,0.));
#1943=DIRECTION('center_axis',(0.,0.,1.));
#1944=DIRECTION('ref_axis',(0.970142502885405,-0.242535614076039,0.));
#1945=DIRECTION('center_axis',(0.,0.,1.));
#1946=DIRECTION('ref_axis',(-2.22044604925031E-16,-1.,0.));
#1947=DIRECTION('center_axis',(0.,0.,1.));
#1948=DIRECTION('ref_axis',(-2.22044604925031E-16,-1.,0.));
#1949=DIRECTION('',(0.,0.,1.));
#1950=DIRECTION('center_axis',(0.,0.,1.));
#1951=DIRECTION('ref_axis',(-2.22044604925031E-16,-1.,0.));
#1952=DIRECTION('center_axis',(0.,0.,1.));
#1953=DIRECTION('ref_axis',(-2.22044604925031E-16,-1.,0.));
#1954=DIRECTION('center_axis',(0.,0.,-1.));
#1955=DIRECTION('ref_axis',(2.22044604925031E-16,1.,0.));
#1956=DIRECTION('center_axis',(0.,0.,1.));
#1957=DIRECTION('ref_axis',(2.22044604925031E-16,1.,0.));
#1958=DIRECTION('',(0.,0.,1.));
#1959=DIRECTION('center_axis',(0.,0.,-1.));
#1960=DIRECTION('ref_axis',(2.22044604925031E-16,1.,0.));
#1961=DIRECTION('center_axis',(0.,0.,-1.));
#1962=DIRECTION('ref_axis',(2.22044604925031E-16,1.,0.));
#1963=DIRECTION('center_axis',(0.,0.,-1.));
#1964=DIRECTION('ref_axis',(-1.,0.,0.));
#1965=DIRECTION('center_axis',(0.,0.,1.));
#1966=DIRECTION('ref_axis',(-1.,0.,0.));
#1967=DIRECTION('',(0.,0.,1.));
#1968=DIRECTION('center_axis',(0.,0.,-1.));
#1969=DIRECTION('ref_axis',(-1.,0.,0.));
#1970=DIRECTION('center_axis',(0.,0.,-1.));
#1971=DIRECTION('ref_axis',(-1.,0.,0.));
#1972=DIRECTION('center_axis',(0.,0.,1.));
#1973=DIRECTION('ref_axis',(1.,0.,0.));
#1974=DIRECTION('center_axis',(0.,0.,1.));
#1975=DIRECTION('ref_axis',(1.,0.,0.));
#1976=DIRECTION('',(0.,0.,1.));
#1977=DIRECTION('center_axis',(0.,0.,1.));
#1978=DIRECTION('ref_axis',(1.,0.,0.));
#1979=DIRECTION('center_axis',(0.,0.,1.));
#1980=DIRECTION('ref_axis',(1.,0.,0.));
#1981=DIRECTION('center_axis',(0.,0.,-1.));
#1982=DIRECTION('ref_axis',(0.00363797240825692,-0.999993382556483,0.));
#1983=DIRECTION('',(0.,0.,-1.));
#1984=DIRECTION('center_axis',(0.,0.,-1.));
#1985=DIRECTION('ref_axis',(0.00363797240825692,-0.999993382556483,0.));
#1986=DIRECTION('',(0.,0.,1.));
#1987=DIRECTION('center_axis',(0.970142502885405,0.242535614076039,0.));
#1988=DIRECTION('ref_axis',(-0.242535614076039,0.970142502885405,0.));
#1989=DIRECTION('',(-0.242535614076039,0.970142502885405,0.));
#1990=DIRECTION('',(0.,0.,1.));
#1991=DIRECTION('',(-0.242535614076039,0.970142502885405,0.));
#1992=DIRECTION('',(0.,0.,1.));
#1993=DIRECTION('center_axis',(0.,0.,1.));
#1994=DIRECTION('ref_axis',(0.970142502885405,-0.242535614076039,0.));
#1995=DIRECTION('',(0.,0.,1.));
#1996=DIRECTION('',(0.,0.,1.));
#1997=DIRECTION('center_axis',(0.,0.,1.));
#1998=DIRECTION('ref_axis',(0.970142502885405,-0.242535614076039,0.));
#1999=DIRECTION('center_axis',(0.,0.,1.));
#2000=DIRECTION('ref_axis',(0.,1.,0.));
#2001=DIRECTION('',(0.,0.,-1.));
#2002=DIRECTION('center_axis',(0.970142502885405,-0.24253561407604,0.));
#2003=DIRECTION('ref_axis',(0.242535614076039,0.970142502885405,0.));
#2004=DIRECTION('',(0.,0.,1.));
#2005=DIRECTION('',(-0.242535614076039,-0.970142502885405,0.));
#2006=DIRECTION('center_axis',(0.,0.,-1.));
#2007=DIRECTION('ref_axis',(-1.,0.,0.));
#2008=DIRECTION('',(0.,0.,-1.));
#2009=DIRECTION('center_axis',(0.,0.,-1.));
#2010=DIRECTION('ref_axis',(-1.,0.,0.));
#2011=DIRECTION('',(0.,0.,1.));
#2012=DIRECTION('center_axis',(0.242535614076039,-0.970142502885405,0.));
#2013=DIRECTION('ref_axis',(0.970142502885405,0.242535614076038,0.));
#2014=DIRECTION('',(0.970142502885405,0.242535614076038,0.));
#2015=DIRECTION('',(0.,0.,1.));
#2016=DIRECTION('',(0.970142502885405,0.242535614076038,0.));
#2017=DIRECTION('',(0.,0.,1.));
#2018=DIRECTION('center_axis',(0.,0.,1.));
#2019=DIRECTION('ref_axis',(-0.242535614076039,-0.970142502885405,0.));
#2020=DIRECTION('',(0.,0.,1.));
#2021=DIRECTION('',(0.,0.,1.));
#2022=DIRECTION('center_axis',(0.,0.,1.));
#2023=DIRECTION('ref_axis',(-0.242535614076039,-0.970142502885405,0.));
#2024=DIRECTION('center_axis',(0.,0.,1.));
#2025=DIRECTION('ref_axis',(1.,0.,0.));
#2026=DIRECTION('',(0.,0.,-1.));
#2027=DIRECTION('center_axis',(0.,0.,-1.));
#2028=DIRECTION('ref_axis',(1.,0.,0.));
#2029=DIRECTION('center_axis',(-0.242535614076039,-0.970142502885405,0.));
#2030=DIRECTION('ref_axis',(0.970142502885405,-0.242535614076039,0.));
#2031=DIRECTION('',(0.970142502885405,-0.242535614076039,0.));
#2032=DIRECTION('',(0.,0.,1.));
#2033=DIRECTION('',(0.970142502885405,-0.242535614076039,0.));
#2034=DIRECTION('center_axis',(0.,0.,-1.));
#2035=DIRECTION('ref_axis',(1.,0.,0.));
#2036=DIRECTION('',(0.,0.,-1.));
#2037=DIRECTION('',(0.,0.,1.));
#2038=DIRECTION('center_axis',(-0.242535614076039,0.970142502885405,0.));
#2039=DIRECTION('ref_axis',(-0.970142502885405,-0.242535614076039,0.));
#2040=DIRECTION('',(0.,0.,1.));
#2041=DIRECTION('',(0.970142502885405,0.242535614076039,0.));
#2042=DIRECTION('',(0.,0.,1.));
#2043=DIRECTION('center_axis',(0.,0.,1.));
#2044=DIRECTION('ref_axis',(0.242535614076039,0.970142502885405,0.));
#2045=DIRECTION('',(0.,0.,1.));
#2046=DIRECTION('',(0.,0.,1.));
#2047=DIRECTION('center_axis',(0.,0.,1.));
#2048=DIRECTION('ref_axis',(0.242535614076039,0.970142502885405,0.));
#2049=DIRECTION('center_axis',(0.,0.,1.));
#2050=DIRECTION('ref_axis',(-1.,0.,0.));
#2051=DIRECTION('',(0.,0.,-1.));
#2052=DIRECTION('center_axis',(0.,0.,-1.));
#2053=DIRECTION('ref_axis',(-1.,0.,0.));
#2054=DIRECTION('center_axis',(0.242535614076039,0.970142502885405,0.));
#2055=DIRECTION('ref_axis',(-0.970142502885405,0.242535614076039,0.));
#2056=DIRECTION('',(-0.970142502885405,0.242535614076039,0.));
#2057=DIRECTION('',(0.,0.,1.));
#2058=DIRECTION('',(0.970142502885405,-0.242535614076039,0.));
#2059=DIRECTION('center_axis',(0.,0.,-1.));
#2060=DIRECTION('ref_axis',(0.,1.,0.));
#2061=DIRECTION('',(0.,0.,-1.));
#2062=DIRECTION('center_axis',(0.,0.,-1.));
#2063=DIRECTION('ref_axis',(0.,1.,0.));
#2064=DIRECTION('',(0.,0.,1.));
#2065=DIRECTION('center_axis',(-0.970142502885405,-0.242535614076039,0.));
#2066=DIRECTION('ref_axis',(0.242535614076039,-0.970142502885405,0.));
#2067=DIRECTION('',(0.242535614076039,-0.970142502885405,0.));
#2068=DIRECTION('',(0.,0.,1.));
#2069=DIRECTION('',(0.242535614076039,-0.970142502885405,0.));
#2070=DIRECTION('',(0.,0.,1.));
#2071=DIRECTION('center_axis',(0.,0.,1.));
#2072=DIRECTION('ref_axis',(-0.970142502885405,0.242535614076039,0.));
#2073=DIRECTION('',(0.,0.,1.));
#2074=DIRECTION('',(0.,0.,1.));
#2075=DIRECTION('center_axis',(0.,0.,1.));
#2076=DIRECTION('ref_axis',(-0.970142502885405,0.242535614076039,0.));
#2077=DIRECTION('center_axis',(0.,0.,1.));
#2078=DIRECTION('ref_axis',(0.,-1.,0.));
#2079=DIRECTION('',(0.,0.,-1.));
#2080=DIRECTION('center_axis',(0.,0.,-1.));
#2081=DIRECTION('ref_axis',(0.,-1.,0.));
#2082=DIRECTION('center_axis',(-0.970142502885405,0.242535614076039,0.));
#2083=DIRECTION('ref_axis',(-0.242535614076039,-0.970142502885405,0.));
#2084=DIRECTION('',(-0.242535614076039,-0.970142502885405,0.));
#2085=DIRECTION('',(0.,0.,1.));
#2086=DIRECTION('',(0.242535614076039,0.970142502885405,0.));
#2087=DIRECTION('center_axis',(0.242535614076039,-0.970142502885405,0.));
#2088=DIRECTION('ref_axis',(-0.685994342507557,-0.171498577392411,0.70710678118655));
#2089=DIRECTION('center_axis',(-0.242535614076038,0.970142502885406,0.));
#2090=DIRECTION('ref_axis',(-0.970142502885406,-0.242535614076038,0.));
#2091=DIRECTION('',(-0.242535614076039,0.970142502885405,0.));
#2092=DIRECTION('center_axis',(0.,0.,-1.));
#2093=DIRECTION('ref_axis',(0.707106781186544,-0.707106781186551,0.));
#2094=DIRECTION('center_axis',(0.970142502885406,-0.242535614076038,0.));
#2095=DIRECTION('ref_axis',(0.242535614076038,0.970142502885406,0.));
#2096=DIRECTION('center_axis',(0.,0.,1.));
#2097=DIRECTION('ref_axis',(0.707106781186545,-0.70710678118655,0.));
#2098=DIRECTION('center_axis',(0.,0.,-1.));
#2099=DIRECTION('ref_axis',(0.707106781186545,-0.70710678118655,0.));
#2100=DIRECTION('center_axis',(-0.970142502885405,0.242535614076039,0.));
#2101=DIRECTION('ref_axis',(0.171498577392403,0.685994342507565,0.707106781186545));
#2102=DIRECTION('',(-0.970142502885405,0.242535614076039,0.));
#2103=DIRECTION('center_axis',(0.,0.,1.));
#2104=DIRECTION('ref_axis',(-0.242535614076039,-0.970142502885405,0.));
#2105=DIRECTION('center_axis',(0.,0.,1.));
#2106=DIRECTION('ref_axis',(-0.242535614076039,-0.970142502885405,0.));
#2107=DIRECTION('center_axis',(0.,0.,1.));
#2108=DIRECTION('ref_axis',(-0.970142502885406,0.242535614076037,0.));
#2109=DIRECTION('center_axis',(0.,0.,1.));
#2110=DIRECTION('ref_axis',(-0.970142502885406,0.242535614076037,0.));
#2111=DIRECTION('center_axis',(-0.242535614076039,0.970142502885405,0.));
#2112=DIRECTION('ref_axis',(0.685994342507564,0.171498577392409,0.707106781186544));
#2113=DIRECTION('center_axis',(0.242535614076021,-0.97014250288541,0.));
#2114=DIRECTION('ref_axis',(0.97014250288541,0.242535614076021,0.));
#2115=DIRECTION('',(0.242535614076039,-0.970142502885405,0.));
#2116=DIRECTION('center_axis',(0.,0.,-1.));
#2117=DIRECTION('ref_axis',(-1.,0.,0.));
#2118=DIRECTION('center_axis',(-0.970142502885406,0.242535614076038,0.));
#2119=DIRECTION('ref_axis',(-0.242535614076038,-0.970142502885406,0.));
#2120=DIRECTION('center_axis',(0.,0.,1.));
#2121=DIRECTION('ref_axis',(-0.707106781186546,0.707106781186549,0.));
#2122=DIRECTION('center_axis',(0.,0.,-1.));
#2123=DIRECTION('ref_axis',(-0.707106781186546,0.707106781186549,0.));
#2124=DIRECTION('center_axis',(0.970142502885405,-0.242535614076039,0.));
#2125=DIRECTION('ref_axis',(-0.171498577392417,-0.685994342507557,0.707106781186549));
#2126=DIRECTION('',(0.970142502885405,-0.242535614076039,0.));
#2127=DIRECTION('center_axis',(0.,0.,1.));
#2128=DIRECTION('ref_axis',(0.242535614076039,0.970142502885405,0.));
#2129=DIRECTION('center_axis',(0.,0.,1.));
#2130=DIRECTION('ref_axis',(0.242535614076039,0.970142502885405,0.));
#2131=DIRECTION('center_axis',(0.970142502885405,0.242535614076039,0.));
#2132=DIRECTION('ref_axis',(0.171498577392409,-0.685994342507564,0.707106781186544));
#2133=DIRECTION('center_axis',(-0.970142502885408,-0.242535614076029,0.));
#2134=DIRECTION('ref_axis',(0.242535614076029,-0.970142502885408,0.));
#2135=DIRECTION('',(-0.970142502885405,-0.242535614076038,0.));
#2136=DIRECTION('center_axis',(0.,0.,-1.));
#2137=DIRECTION('ref_axis',(0.707106781186549,0.707106781186546,0.));
#2138=DIRECTION('center_axis',(0.24253561407604,0.970142502885405,0.));
#2139=DIRECTION('ref_axis',(-0.970142502885405,0.24253561407604,0.));
#2140=DIRECTION('center_axis',(0.,0.,1.));
#2141=DIRECTION('ref_axis',(0.707106781186547,0.707106781186547,0.));
#2142=DIRECTION('center_axis',(0.,0.,-1.));
#2143=DIRECTION('ref_axis',(0.707106781186548,0.707106781186548,0.));
#2144=DIRECTION('center_axis',(-0.242535614076039,-0.970142502885405,0.));
#2145=DIRECTION('ref_axis',(-0.685994342507565,0.171498577392403,0.707106781186545));
#2146=DIRECTION('',(-0.242535614076039,-0.970142502885405,0.));
#2147=DIRECTION('center_axis',(0.,0.,1.));
#2148=DIRECTION('ref_axis',(0.970142502885406,-0.242535614076037,0.));
#2149=DIRECTION('center_axis',(0.,0.,1.));
#2150=DIRECTION('ref_axis',(0.970142502885406,-0.242535614076037,0.));
#2151=DIRECTION('center_axis',(1.,-5.55111503413615E-16,0.));
#2152=DIRECTION('ref_axis',(5.55111503413615E-16,1.,0.));
#2153=DIRECTION('',(0.,0.,1.));
#2154=DIRECTION('',(0.,-1.,0.));
#2155=DIRECTION('center_axis',(-1.,-1.85037167809796E-16,0.));
#2156=DIRECTION('ref_axis',(1.85037167809796E-16,-1.,0.));
#2157=DIRECTION('',(0.,0.,1.));
#2158=DIRECTION('center_axis',(0.,-1.,0.));
#2159=DIRECTION('ref_axis',(1.,0.,0.));
#2160=DIRECTION('',(-1.,0.,0.));
#2161=DIRECTION('',(0.,0.,1.));
#2162=DIRECTION('center_axis',(1.51394054099185E-16,1.,0.));
#2163=DIRECTION('ref_axis',(-1.,1.51394054099185E-16,0.));
#2164=DIRECTION('',(0.,0.,1.));
#2165=DIRECTION('',(1.,-1.51394054099185E-16,0.));
#2166=DIRECTION('center_axis',(0.,0.,1.));
#2167=DIRECTION('ref_axis',(-1.48029736616688E-15,-1.,0.));
#2168=DIRECTION('center_axis',(0.,0.,1.));
#2169=DIRECTION('ref_axis',(-1.48029736616688E-15,-1.,0.));
#2170=DIRECTION('',(0.,0.,1.));
#2171=DIRECTION('center_axis',(0.,0.,1.));
#2172=DIRECTION('ref_axis',(-1.48029736616688E-15,-1.,0.));
#2173=DIRECTION('',(0.,0.,1.));
#2174=DIRECTION('center_axis',(0.,0.,1.));
#2175=DIRECTION('ref_axis',(1.,0.,0.));
#2176=DIRECTION('',(1.,0.,0.));
#2177=DIRECTION('',(0.,1.,0.));
#2178=DIRECTION('center_axis',(-0.003637972408258,0.999993382556483,0.));
#2179=DIRECTION('ref_axis',(-0.999993382556483,-0.003637972408258,0.));
#2180=DIRECTION('',(0.999993382556483,0.003637972408258,0.));
#2181=DIRECTION('center_axis',(-4.03717477597828E-16,-1.,0.));
#2182=DIRECTION('ref_axis',(1.,-4.03717477597828E-16,0.));
#2183=DIRECTION('center_axis',(0.,-1.,0.));
#2184=DIRECTION('ref_axis',(1.,0.,0.));
#2185=DIRECTION('',(-1.,0.,0.));
#2186=DIRECTION('center_axis',(-1.,-5.55111503945033E-16,0.));
#2187=DIRECTION('ref_axis',(5.55111503945033E-16,-1.,0.));
#2188=DIRECTION('',(0.,0.,1.));
#2189=DIRECTION('',(-5.55111503945033E-16,1.,0.));
#2190=DIRECTION('center_axis',(1.,3.70074335265312E-16,0.));
#2191=DIRECTION('ref_axis',(-3.70074335265312E-16,1.,0.));
#2192=DIRECTION('',(-2.08166828436246E-16,-1.,0.));
#2193=DIRECTION('',(0.,0.,1.));
#2194=DIRECTION('center_axis',(1.,0.,0.));
#2195=DIRECTION('ref_axis',(0.,1.,0.));
#2196=DIRECTION('',(0.,1.,0.));
#2197=DIRECTION('',(0.,0.,1.));
#2198=DIRECTION('',(0.,1.,0.));
#2199=DIRECTION('center_axis',(0.,0.,1.));
#2200=DIRECTION('ref_axis',(1.,1.48029736616688E-15,0.));
#2201=DIRECTION('center_axis',(0.,0.,1.));
#2202=DIRECTION('ref_axis',(1.,1.48029736616688E-15,0.));
#2203=DIRECTION('',(0.,0.,1.));
#2204=DIRECTION('center_axis',(0.,0.,1.));
#2205=DIRECTION('ref_axis',(1.,1.48029736616688E-15,0.));
#2206=DIRECTION('center_axis',(0.,0.,1.));
#2207=DIRECTION('ref_axis',(1.,0.,0.));
#2208=DIRECTION('',(-1.,6.16790569236198E-17,0.));
#2209=DIRECTION('center_axis',(0.,0.,1.));
#2210=DIRECTION('ref_axis',(1.48029736616688E-15,1.,0.));
#2211=DIRECTION('center_axis',(0.,0.,1.));
#2212=DIRECTION('ref_axis',(1.48029736616688E-15,1.,0.));
#2213=DIRECTION('center_axis',(0.,0.,1.));
#2214=DIRECTION('ref_axis',(1.48029736616688E-15,1.,0.));
#2215=DIRECTION('',(0.,0.,1.));
#2216=DIRECTION('center_axis',(6.16790569236198E-17,1.,0.));
#2217=DIRECTION('ref_axis',(-1.,6.16790569236198E-17,0.));
#2218=DIRECTION('',(1.,-6.16790569236198E-17,0.));
#2219=DIRECTION('',(-1.,6.16790569236198E-17,0.));
#2220=DIRECTION('center_axis',(0.,0.,1.));
#2221=DIRECTION('ref_axis',(1.,0.,0.));
#2222=DIRECTION('center_axis',(0.,0.,1.));
#2223=DIRECTION('ref_axis',(1.,0.,0.));
#2224=CARTESIAN_POINT('',(0.,0.,0.));
#2225=CARTESIAN_POINT('Origin',(-38.5,0.667261734807525,3.7));
#2226=CARTESIAN_POINT('',(-39.,-30.3309530607699,3.7));
#2227=CARTESIAN_POINT('',(-39.,-36.,3.7));
#2228=CARTESIAN_POINT('',(-39.,0.667261734807525,3.7));
#2229=CARTESIAN_POINT('',(-38.5,-36.,4.2));
#2230=CARTESIAN_POINT('Origin',(-38.5,-36.,3.7));
#2231=CARTESIAN_POINT('',(-38.5,-31.5380598419564,4.2));
#2232=CARTESIAN_POINT('',(-38.5,0.667261734807525,4.2));
#2233=CARTESIAN_POINT('Origin',(-38.5,-31.5380598419564,3.7));
#2234=CARTESIAN_POINT('Origin',(-32.8517681861707,-37.1862916557857,3.7));
#2235=CARTESIAN_POINT('',(-30.3309530607699,-39.,3.7));
#2236=CARTESIAN_POINT('',(-32.4982147955774,-36.8327382651925,3.7));
#2237=CARTESIAN_POINT('',(-31.5380598419564,-38.5,4.2));
#2238=CARTESIAN_POINT('',(-32.8517681861707,-37.1862916557857,4.2));
#2239=CARTESIAN_POINT('Origin',(-31.5380598419564,-38.5,3.7));
#2240=CARTESIAN_POINT('Origin',(-36.,-36.,3.7));
#2241=CARTESIAN_POINT('',(-36.,-39.,3.7));
#2242=CARTESIAN_POINT('',(-36.,-38.5,4.2));
#2243=CARTESIAN_POINT('Origin',(-36.,-38.5,3.7));
#2244=CARTESIAN_POINT('Origin',(-36.,-36.,4.2));
#2245=CARTESIAN_POINT('Origin',(-36.,-36.,3.7));
#2246=CARTESIAN_POINT('Origin',(-35.3327382651925,-38.5,3.7));
#2247=CARTESIAN_POINT('',(-35.3327382651925,-38.5,4.2));
#2248=CARTESIAN_POINT('',(-35.3327382651925,-39.,3.7));
#2249=CARTESIAN_POINT('Origin',(-36.,-36.,0.));
#2250=CARTESIAN_POINT('',(-39.,-36.,0.));
#2251=CARTESIAN_POINT('',(-39.,-36.,0.));
#2252=CARTESIAN_POINT('',(-36.,-39.,0.));
#2253=CARTESIAN_POINT('Origin',(-36.,-36.,0.));
#2254=CARTESIAN_POINT('',(-36.,-39.,0.));
#2255=CARTESIAN_POINT('Origin',(-39.,36.,0.));
#2256=CARTESIAN_POINT('',(-39.,-30.3309530607699,2.));
#2257=CARTESIAN_POINT('',(-39.,-30.3309530607699,1.2));
#2258=CARTESIAN_POINT('',(-39.,-29.1995822108714,1.2));
#2259=CARTESIAN_POINT('Origin',(-39.,-29.1995822108714,2.));
#2260=CARTESIAN_POINT('',(-39.,-4.,1.2));
#2261=CARTESIAN_POINT('',(-39.,-36.,1.2));
#2262=CARTESIAN_POINT('',(-39.,-4.,7.7));
#2263=CARTESIAN_POINT('',(-39.,-4.,0.));
#2264=CARTESIAN_POINT('',(-39.,3.95998204008999,7.7));
#2265=CARTESIAN_POINT('',(-39.,36.,7.7));
#2266=CARTESIAN_POINT('',(-39.,3.95998204008999,1.2));
#2267=CARTESIAN_POINT('',(-39.,3.95998204008999,0.));
#2268=CARTESIAN_POINT('',(-39.,36.,1.2));
#2269=CARTESIAN_POINT('',(-39.,36.,1.2));
#2270=CARTESIAN_POINT('',(-39.,36.,0.));
#2271=CARTESIAN_POINT('',(-39.,36.,0.));
#2272=CARTESIAN_POINT('',(-39.,36.,0.));
#2273=CARTESIAN_POINT('Origin',(-34.6654765303849,-34.665476530385,4.2));
#2274=CARTESIAN_POINT('Origin',(-31.9325293706102,-36.2670528402612,2.));
#2275=CARTESIAN_POINT('',(-36.2179124616764,-33.1130405990935,2.));
#2276=CARTESIAN_POINT('',(-35.6522270367272,-32.5473551741442,1.2));
#2277=CARTESIAN_POINT('Origin',(-35.6522270367272,-32.5473551741442,2.));
#2278=CARTESIAN_POINT('',(-31.9325293706102,-36.2670528402612,1.2));
#2279=CARTESIAN_POINT('',(-32.4982147955595,-36.8327382652104,2.));
#2280=CARTESIAN_POINT('Ctrl Pts',(-35.6140751506812,-32.6605599508985,1.19582633419184));
#2281=CARTESIAN_POINT('Ctrl Pts',(-35.5534203963256,-32.8528321780325,1.18211192050268));
#2282=CARTESIAN_POINT('Ctrl Pts',(-35.4659665618811,-33.1970781993128,1.11101275294633));
#2283=CARTESIAN_POINT('Ctrl Pts',(-35.2260570902342,-33.907851530444,0.927674742441241));
#2284=CARTESIAN_POINT('Ctrl Pts',(-34.9324315335085,-34.3979043656558,0.790662247374703));
#2285=CARTESIAN_POINT('Ctrl Pts',(-34.6682485215432,-34.6626992683764,0.700942788155898));
#2286=CARTESIAN_POINT('Ctrl Pts',(-34.6668648062732,-34.6640882559626,0.700471292134281));
#2287=CARTESIAN_POINT('Ctrl Pts',(-34.6654765299547,-34.665476532281,0.7));
#2288=CARTESIAN_POINT('Ctrl Pts',(-35.7746260627813,-32.8234939675697,1.21094023295913));
#2289=CARTESIAN_POINT('Ctrl Pts',(-35.6963973669391,-33.0055913795704,1.22303557560112));
#2290=CARTESIAN_POINT('Ctrl Pts',(-35.555042503541,-33.3390454583142,1.18442406495624));
#2291=CARTESIAN_POINT('Ctrl Pts',(-35.2189020155613,-33.9908102608511,0.995405633039626));
#2292=CARTESIAN_POINT('Ctrl Pts',(-34.911930242515,-34.4184976190176,0.818506473832763));
#2293=CARTESIAN_POINT('Ctrl Pts',(-34.6680390610061,-34.6629112554038,0.701229333929303));
#2294=CARTESIAN_POINT('Ctrl Pts',(-34.6667590935564,-34.6641939686794,0.700615013341474));
#2295=CARTESIAN_POINT('Ctrl Pts',(-34.6654765299547,-34.665476532281,0.7));
#2296=CARTESIAN_POINT('Ctrl Pts',(-36.0300641522686,-33.1117441616319,1.41903803652056));
#2297=CARTESIAN_POINT('Ctrl Pts',(-35.8876279961171,-33.2847211584506,1.43881686948017));
#2298=CARTESIAN_POINT('Ctrl Pts',(-35.6378238029951,-33.5873199750969,1.38606827499768));
#2299=CARTESIAN_POINT('Ctrl Pts',(-35.1817577948779,-34.1219407238223,1.11522196511367));
#2300=CARTESIAN_POINT('Ctrl Pts',(-34.8764572677602,-34.4544288408298,0.866620258505719));
#2301=CARTESIAN_POINT('Ctrl Pts',(-34.6676703176195,-34.6632819133591,0.701733020358634));
#2302=CARTESIAN_POINT('Ctrl Pts',(-34.666574096302,-34.6643789659338,0.700866525454061));
#2303=CARTESIAN_POINT('Ctrl Pts',(-34.6654765299547,-34.665476532281,0.7));
#2304=CARTESIAN_POINT('Ctrl Pts',(-36.0931614313663,-33.2377916294036,1.81827472573987));
#2305=CARTESIAN_POINT('Ctrl Pts',(-35.8873755571766,-33.4432923304986,1.79915423674935));
#2306=CARTESIAN_POINT('Ctrl Pts',(-35.5764985739035,-33.7541717820613,1.65384262996588));
#2307=CARTESIAN_POINT('Ctrl Pts',(-35.1072951393386,-34.2232974740483,1.23886173269421));
#2308=CARTESIAN_POINT('Ctrl Pts',(-34.8408850467944,-34.4900063356327,0.914979981260078));
#2309=CARTESIAN_POINT('Ctrl Pts',(-34.6673006769568,-34.6636526072442,0.702235821789652));
#2310=CARTESIAN_POINT('Ctrl Pts',(-34.6663890990476,-34.6645639631882,0.701118037566648));
#2311=CARTESIAN_POINT('Ctrl Pts',(-34.6654765299547,-34.665476532281,0.7));
#2312=CARTESIAN_POINT('Ctrl Pts',(-36.0796900562876,-33.2512630044822,1.98914846889878));
#2313=CARTESIAN_POINT('Ctrl Pts',(-35.8535466117472,-33.4774064490226,1.95349099330697));
#2314=CARTESIAN_POINT('Ctrl Pts',(-35.5277788686347,-33.8031742027243,1.76863315600779));
#2315=CARTESIAN_POINT('Ctrl Pts',(-35.0697854891228,-34.2611675785912,1.29195432926124));
#2316=CARTESIAN_POINT('Ctrl Pts',(-34.8256681826296,-34.5052849060558,0.935721838819021));
#2317=CARTESIAN_POINT('Ctrl Pts',(-34.6671419269557,-34.6638111337107,0.702451249212079));
#2318=CARTESIAN_POINT('Ctrl Pts',(-34.66630981451,-34.6646432477258,0.701225828472042));
#2319=CARTESIAN_POINT('Ctrl Pts',(-34.6654765299547,-34.665476532281,0.7));
#2320=CARTESIAN_POINT('',(-36.0796900562876,-33.2512630044822,1.98914846889878));
#2321=CARTESIAN_POINT('',(-34.6654765292218,-34.6654765315481,0.7));
#2322=CARTESIAN_POINT('Ctrl Pts',(-36.0796900562876,-33.2512630044822,1.98914846889878));
#2323=CARTESIAN_POINT('Ctrl Pts',(-35.8535466117472,-33.4774064490226,1.95349099330697));
#2324=CARTESIAN_POINT('Ctrl Pts',(-35.5277788686347,-33.8031742027243,1.76863315600779));
#2325=CARTESIAN_POINT('Ctrl Pts',(-35.0697854891228,-34.2611675785912,1.29195432926124));
#2326=CARTESIAN_POINT('Ctrl Pts',(-34.8256681826296,-34.5052849060558,0.935721838819021));
#2327=CARTESIAN_POINT('Ctrl Pts',(-34.6671419269557,-34.6638111337107,0.702451249212079));
#2328=CARTESIAN_POINT('Ctrl Pts',(-34.66630981451,-34.6646432477258,0.701225828472042));
#2329=CARTESIAN_POINT('Ctrl Pts',(-34.6654765299547,-34.665476532281,0.7));
#2330=CARTESIAN_POINT('',(-35.6140751506812,-32.6605599508985,1.19582633419184));
#2331=CARTESIAN_POINT('Ctrl Pts',(-34.6654765299547,-34.665476532281,0.7));
#2332=CARTESIAN_POINT('Ctrl Pts',(-34.6668648062732,-34.6640882559626,0.700471292134281));
#2333=CARTESIAN_POINT('Ctrl Pts',(-34.6682485215432,-34.6626992683764,0.700942788155898));
#2334=CARTESIAN_POINT('Ctrl Pts',(-34.9324315335085,-34.3979043656558,0.790662247374703));
#2335=CARTESIAN_POINT('Ctrl Pts',(-35.2260570902342,-33.907851530444,0.927674742441241));
#2336=CARTESIAN_POINT('Ctrl Pts',(-35.4659665618811,-33.1970781993128,1.11101275294633));
#2337=CARTESIAN_POINT('Ctrl Pts',(-35.5534203963256,-32.8528321780325,1.18211192050268));
#2338=CARTESIAN_POINT('Ctrl Pts',(-35.6140751506812,-32.6605599508985,1.19582633419184));
#2339=CARTESIAN_POINT('Origin',(-35.5140046313384,-32.685577579533,1.98914846889877));
#2340=CARTESIAN_POINT('Ctrl Pts',(-34.6654765299547,-34.665476532281,0.7));
#2341=CARTESIAN_POINT('Ctrl Pts',(-34.6640882536363,-34.6668648085994,0.700471292134281));
#2342=CARTESIAN_POINT('Ctrl Pts',(-34.6626994375841,-34.6682455383266,0.700942793298315));
#2343=CARTESIAN_POINT('Ctrl Pts',(-34.3978579897458,-34.9332357787173,0.790660921753194));
#2344=CARTESIAN_POINT('Ctrl Pts',(-33.9078558718991,-35.2272334219087,0.927647509059167));
#2345=CARTESIAN_POINT('Ctrl Pts',(-33.197092043451,-35.4660480125379,1.11100631130809));
#2346=CARTESIAN_POINT('Ctrl Pts',(-32.8528321757062,-35.5534203986518,1.18211192050268));
#2347=CARTESIAN_POINT('Ctrl Pts',(-32.6605599485722,-35.6140751530075,1.19582633419184));
#2348=CARTESIAN_POINT('Ctrl Pts',(-34.6654765299547,-34.665476532281,0.7));
#2349=CARTESIAN_POINT('Ctrl Pts',(-34.6642082857489,-34.6666916412445,0.700619820714264));
#2350=CARTESIAN_POINT('Ctrl Pts',(-34.6628589647035,-34.6681388335555,0.701172410384806));
#2351=CARTESIAN_POINT('Ctrl Pts',(-34.4163245862189,-34.9133344606686,0.815374906830481));
#2352=CARTESIAN_POINT('Ctrl Pts',(-33.9807893967491,-35.2208685744492,0.98651385085761));
#2353=CARTESIAN_POINT('Ctrl Pts',(-33.3214782358835,-35.5435579422808,1.1746643793199));
#2354=CARTESIAN_POINT('Ctrl Pts',(-32.9868530792544,-35.6787839733509,1.21822627107771));
#2355=CARTESIAN_POINT('Ctrl Pts',(-32.8031272131595,-35.7545572010951,1.20905099561322));
#2356=CARTESIAN_POINT('Ctrl Pts',(-34.6654765299547,-34.665476532281,0.7));
#2357=CARTESIAN_POINT('Ctrl Pts',(-34.66437922981,-34.6665372284867,0.700869568409332));
#2358=CARTESIAN_POINT('Ctrl Pts',(-34.6632428159847,-34.6677434261228,0.701676798457863));
#2359=CARTESIAN_POINT('Ctrl Pts',(-34.4520581643218,-34.8779867043635,0.863701880106516));
#2360=CARTESIAN_POINT('Ctrl Pts',(-34.1134799541252,-35.1857128463498,1.10735044166926));
#2361=CARTESIAN_POINT('Ctrl Pts',(-33.5699242565159,-35.6361969327556,1.36764184097039));
#2362=CARTESIAN_POINT('Ctrl Pts',(-33.2644325953922,-35.8791457463853,1.41596815299476));
#2363=CARTESIAN_POINT('Ctrl Pts',(-33.0921776689517,-36.0146751560705,1.3925439458371));
#2364=CARTESIAN_POINT('Ctrl Pts',(-34.6654765299547,-34.665476532281,0.7));
#2365=CARTESIAN_POINT('Ctrl Pts',(-34.6645444987156,-34.6664085635201,0.701111089499985));
#2366=CARTESIAN_POINT('Ctrl Pts',(-34.6636317682068,-34.6673212924702,0.70218935194005));
#2367=CARTESIAN_POINT('Ctrl Pts',(-34.4874249669799,-34.8435281188409,0.911778437210813));
#2368=CARTESIAN_POINT('Ctrl Pts',(-34.2174719008121,-35.1134811635564,1.23043970036519));
#2369=CARTESIAN_POINT('Ctrl Pts',(-33.7461835297308,-35.5847695415196,1.63489698377667));
#2370=CARTESIAN_POINT('Ctrl Pts',(-33.4370671534615,-35.8938859073084,1.77430955184497));
#2371=CARTESIAN_POINT('Ctrl Pts',(-33.2355463978975,-36.0954066628724,1.78979576854672));
#2372=CARTESIAN_POINT('Ctrl Pts',(-34.6654765299547,-34.665476532281,0.7));
#2373=CARTESIAN_POINT('Ctrl Pts',(-34.6646432453995,-34.6663098168363,0.701225828472044));
#2374=CARTESIAN_POINT('Ctrl Pts',(-34.6638108749365,-34.6671421857405,0.702451262580693));
#2375=CARTESIAN_POINT('Ctrl Pts',(-34.5053529719264,-34.8256001138945,0.935718392649536));
#2376=CARTESIAN_POINT('Ctrl Pts',(-34.2617030442211,-35.0692500201474,1.2918835229871));
#2377=CARTESIAN_POINT('Ctrl Pts',(-33.8032923675438,-35.5276607037066,1.76861640776512));
#2378=CARTESIAN_POINT('Ctrl Pts',(-33.4774064466963,-35.8535466140735,1.95349099330697));
#2379=CARTESIAN_POINT('Ctrl Pts',(-33.2512630021559,-36.0796900586139,1.98914846889878));
#2380=CARTESIAN_POINT('',(-33.251263002156,-36.0796900586139,1.98914846889878));
#2381=CARTESIAN_POINT('',(-32.6605599485722,-35.6140751530075,1.19582633419184));
#2382=CARTESIAN_POINT('Origin',(-32.6855775772067,-35.5140046336647,1.98914846889878));
#2383=CARTESIAN_POINT('Ctrl Pts',(-32.6605599485722,-35.6140751530075,1.19582633419184));
#2384=CARTESIAN_POINT('Ctrl Pts',(-32.8528321757062,-35.5534203986518,1.18211192050268));
#2385=CARTESIAN_POINT('Ctrl Pts',(-33.197092043451,-35.4660480125379,1.11100631130809));
#2386=CARTESIAN_POINT('Ctrl Pts',(-33.9078558718991,-35.2272334219087,0.927647509059167));
#2387=CARTESIAN_POINT('Ctrl Pts',(-34.3978579897458,-34.9332357787173,0.790660921753194));
#2388=CARTESIAN_POINT('Ctrl Pts',(-34.6626994375841,-34.6682455383266,0.700942793298315));
#2389=CARTESIAN_POINT('Ctrl Pts',(-34.6640882536363,-34.6668648085994,0.700471292134281));
#2390=CARTESIAN_POINT('Ctrl Pts',(-34.6654765299547,-34.665476532281,0.7));
#2391=CARTESIAN_POINT('Ctrl Pts',(-34.6654765299547,-34.665476532281,0.7));
#2392=CARTESIAN_POINT('Ctrl Pts',(-34.6646432453995,-34.6663098168363,0.701225828472044));
#2393=CARTESIAN_POINT('Ctrl Pts',(-34.6638108749365,-34.6671421857405,0.702451262580693));
#2394=CARTESIAN_POINT('Ctrl Pts',(-34.5053529719264,-34.8256001138945,0.935718392649536));
#2395=CARTESIAN_POINT('Ctrl Pts',(-34.2617030442211,-35.0692500201474,1.2918835229871));
#2396=CARTESIAN_POINT('Ctrl Pts',(-33.8032923675438,-35.5276607037066,1.76861640776512));
#2397=CARTESIAN_POINT('Ctrl Pts',(-33.4774064466963,-35.8535466140735,1.95349099330697));
#2398=CARTESIAN_POINT('Ctrl Pts',(-33.2512630021559,-36.0796900586139,1.98914846889878));
#2399=CARTESIAN_POINT('Ctrl Pts',(-35.6522270367272,-32.5473551741442,1.2));
#2400=CARTESIAN_POINT('Ctrl Pts',(-35.6394742376451,-32.5851954468725,1.2));
#2401=CARTESIAN_POINT('Ctrl Pts',(-35.6267214979203,-32.6230355434751,1.19860490058904));
#2402=CARTESIAN_POINT('Ctrl Pts',(-35.6140751506812,-32.6605599508985,1.19582633419183));
#2403=CARTESIAN_POINT('Ctrl Pts',(-35.8214797200856,-32.7166078575026,1.2));
#2404=CARTESIAN_POINT('Ctrl Pts',(-35.8063927533424,-32.7519803365307,1.20546988858645));
#2405=CARTESIAN_POINT('Ctrl Pts',(-35.7906252333554,-32.7878617489107,1.20884518630755));
#2406=CARTESIAN_POINT('Ctrl Pts',(-35.7746260627813,-32.8234939675697,1.21094023295913));
#2407=CARTESIAN_POINT('Ctrl Pts',(-36.1144389571998,-33.0095670946169,1.40098133402898));
#2408=CARTESIAN_POINT('Ctrl Pts',(-36.086928006113,-33.0431883605781,1.40941573926789));
#2409=CARTESIAN_POINT('Ctrl Pts',(-36.0587018291989,-33.0773336989188,1.41556986174444));
#2410=CARTESIAN_POINT('Ctrl Pts',(-36.0300641415176,-33.1117441526027,1.41903804744017));
#2411=CARTESIAN_POINT('Ctrl Pts',(-36.2179124616764,-33.1130405990935,1.82048041979487));
#2412=CARTESIAN_POINT('Ctrl Pts',(-36.1763591034905,-33.1545292677097,1.82299267987493));
#2413=CARTESIAN_POINT('Ctrl Pts',(-36.1347241249288,-33.1962828386646,1.82230912337911));
#2414=CARTESIAN_POINT('Ctrl Pts',(-36.0931614313663,-33.2377916294036,1.81827472573987));
#2415=CARTESIAN_POINT('Ctrl Pts',(-36.2179124616764,-33.1130405990935,2.));
#2416=CARTESIAN_POINT('Ctrl Pts',(-36.1717096982681,-33.1592433625018,2.));
#2417=CARTESIAN_POINT('Ctrl Pts',(-36.1255071499082,-33.2054459108616,1.9963727415315));
#2418=CARTESIAN_POINT('Ctrl Pts',(-36.0796900562876,-33.2512630044822,1.98914846889877));
#2419=CARTESIAN_POINT('Origin',(-35.6522270367272,-32.5473551741442,0.7));
#2420=CARTESIAN_POINT('Origin',(-36.2179124616764,-33.1130405990935,0.7));
#2421=CARTESIAN_POINT('Origin',(-31.9325293706102,-36.2670528402612,2.));
#2422=CARTESIAN_POINT('',(-32.5473551718179,-35.6522270390535,1.2));
#2423=CARTESIAN_POINT('',(-33.1130405967672,-36.2179124640027,2.));
#2424=CARTESIAN_POINT('Origin',(-32.5473551718179,-35.6522270390535,2.));
#2425=CARTESIAN_POINT('',(-30.3309530607699,-39.,2.));
#2426=CARTESIAN_POINT('',(-32.4982147955595,-36.8327382652104,2.));
#2427=CARTESIAN_POINT('',(-29.1995822108714,-39.,1.2));
#2428=CARTESIAN_POINT('Origin',(-29.1995822108714,-39.,2.));
#2429=CARTESIAN_POINT('',(-31.9325293706102,-36.2670528402612,1.2));
#2430=CARTESIAN_POINT('Ctrl Pts',(-32.6605599485722,-35.6140751530075,1.19582633419183));
#2431=CARTESIAN_POINT('Ctrl Pts',(-32.6230355411488,-35.6267215002466,1.19860490058904));
#2432=CARTESIAN_POINT('Ctrl Pts',(-32.5851954445463,-35.6394742399714,1.2));
#2433=CARTESIAN_POINT('Ctrl Pts',(-32.5473551718179,-35.6522270390535,1.2));
#2434=CARTESIAN_POINT('Ctrl Pts',(-32.8234939652434,-35.7746260651076,1.21094023295913));
#2435=CARTESIAN_POINT('Ctrl Pts',(-32.7878617465844,-35.7906252356817,1.20884518630756));
#2436=CARTESIAN_POINT('Ctrl Pts',(-32.7519803342044,-35.8063927556687,1.20546988858645));
#2437=CARTESIAN_POINT('Ctrl Pts',(-32.7166078551763,-35.8214797224119,1.2));
#2438=CARTESIAN_POINT('Ctrl Pts',(-33.1117441502764,-36.0300641438439,1.41903804744017));
#2439=CARTESIAN_POINT('Ctrl Pts',(-33.0773336965925,-36.0587018315252,1.41556986174444));
#2440=CARTESIAN_POINT('Ctrl Pts',(-33.0431883582518,-36.0869280084393,1.40941573926789));
#2441=CARTESIAN_POINT('Ctrl Pts',(-33.0095670922906,-36.1144389595261,1.40098133402899));
#2442=CARTESIAN_POINT('Ctrl Pts',(-33.2377916270773,-36.0931614336926,1.81827472573987));
#2443=CARTESIAN_POINT('Ctrl Pts',(-33.1962828363383,-36.1347241272551,1.82230912337911));
#2444=CARTESIAN_POINT('Ctrl Pts',(-33.1545292653834,-36.1763591058168,1.82299267987493));
#2445=CARTESIAN_POINT('Ctrl Pts',(-33.1130405967672,-36.2179124640027,1.82048041979487));
#2446=CARTESIAN_POINT('Ctrl Pts',(-33.251263002156,-36.0796900586139,1.98914846889877));
#2447=CARTESIAN_POINT('Ctrl Pts',(-33.2054459085354,-36.1255071522345,1.9963727415315));
#2448=CARTESIAN_POINT('Ctrl Pts',(-33.1592433601755,-36.1717097005943,2.));
#2449=CARTESIAN_POINT('Ctrl Pts',(-33.1130405967672,-36.2179124640027,2.));
#2450=CARTESIAN_POINT('Origin',(-32.5473551718179,-35.6522270390535,0.7));
#2451=CARTESIAN_POINT('Origin',(-33.1130405967672,-36.2179124640027,0.7));
#2452=CARTESIAN_POINT('Origin',(-21.4999999999282,-21.5,1.2));
#2453=CARTESIAN_POINT('',(-28.4151517399972,-3.59905259727596,1.2));
#2454=CARTESIAN_POINT('',(-33.9484924079943,-25.7324163319943,1.2));
#2455=CARTESIAN_POINT('',(-29.6164139058649,-4.,1.2));
#2456=CARTESIAN_POINT('Origin',(-29.6164139058649,-2.,1.2));
#2457=CARTESIAN_POINT('',(-28.0000003841188,-4.,1.2));
#2458=CARTESIAN_POINT('Origin',(-33.9484924079943,-25.7324163319943,0.7));
#2459=CARTESIAN_POINT('',(-35.1915479738277,-32.76619174004,0.7));
#2460=CARTESIAN_POINT('Origin',(-35.6766192252704,-32.644923933002,0.7));
#2461=CARTESIAN_POINT('',(-27.9095089412489,-3.6380342111406,0.7));
#2462=CARTESIAN_POINT('',(-33.4634211565516,-25.8536841390324,0.7));
#2463=CARTESIAN_POINT('',(-27.6402242783779,-2.3076923076923,0.940082294390779));
#2464=CARTESIAN_POINT('Ctrl Pts',(-27.9095089412489,-3.6380342111406,0.7));
#2465=CARTESIAN_POINT('Ctrl Pts',(-27.8072709706574,-3.22908230913887,0.776961951807692));
#2466=CARTESIAN_POINT('Ctrl Pts',(-27.711145906044,-2.76319470880684,0.863955661864212));
#2467=CARTESIAN_POINT('Ctrl Pts',(-27.6402242783779,-2.3076923076923,0.94008229439078));
#2468=CARTESIAN_POINT('Ctrl Pts',(-27.6402242783779,-2.3076923076923,0.940082294390781));
#2469=CARTESIAN_POINT('Ctrl Pts',(-27.649478028602,-2.36712559461899,0.930149402747085));
#2470=CARTESIAN_POINT('Ctrl Pts',(-27.6614378691635,-2.42630710160836,0.924477244584015));
#2471=CARTESIAN_POINT('Ctrl Pts',(-27.7283990322056,-2.69415176663724,0.924477244584024));
#2472=CARTESIAN_POINT('Ctrl Pts',(-27.8131823023724,-2.89150716990425,0.997916387331203));
#2473=CARTESIAN_POINT('Ctrl Pts',(-28.0444684973637,-3.25516004655784,1.12722448484491));
#2474=CARTESIAN_POINT('Ctrl Pts',(-28.1915106331153,-3.41984743272685,1.1866273092798));
#2475=CARTESIAN_POINT('Ctrl Pts',(-28.376820386115,-3.56969476593595,1.19929035351757));
#2476=CARTESIAN_POINT('Ctrl Pts',(-28.3956665543732,-3.58441466958999,1.2));
#2477=CARTESIAN_POINT('Ctrl Pts',(-28.4151517399971,-3.59905259727589,1.2));
#2478=CARTESIAN_POINT('Origin',(-33.251262966304,-33.2512629686303,0.7));
#2479=CARTESIAN_POINT('Origin',(-33.251262966304,-33.2512629686303,0.7));
#2480=CARTESIAN_POINT('Origin',(-11.3493204615351,-30.3527186159379,0.7));
#2481=CARTESIAN_POINT('',(-3.5990525971349,-28.4151517428698,1.2));
#2482=CARTESIAN_POINT('',(-11.3493204615351,-30.3527186159379,1.2));
#2483=CARTESIAN_POINT('',(-2.30769230755319,-27.6402242812478,0.94008229438516));
#2484=CARTESIAN_POINT('Ctrl Pts',(-3.59905259713483,-28.4151517428697,1.2));
#2485=CARTESIAN_POINT('Ctrl Pts',(-3.58441466944862,-28.3956665572454,1.2));
#2486=CARTESIAN_POINT('Ctrl Pts',(-3.56969476579427,-28.3768203889866,1.19929035351753));
#2487=CARTESIAN_POINT('Ctrl Pts',(-3.4198474325846,-28.1915106359858,1.18662730927935));
#2488=CARTESIAN_POINT('Ctrl Pts',(-3.2551600464153,-28.0444685002337,1.12722448484371));
#2489=CARTESIAN_POINT('Ctrl Pts',(-2.89150716976129,-27.8131823052419,0.99791638732795));
#2490=CARTESIAN_POINT('Ctrl Pts',(-2.6941517664944,-27.728399035075,0.924477244578714));
#2491=CARTESIAN_POINT('Ctrl Pts',(-2.42630710146618,-27.6614378720331,0.924477244578714));
#2492=CARTESIAN_POINT('Ctrl Pts',(-2.36712559447832,-27.6494780314718,0.930149402741666));
#2493=CARTESIAN_POINT('Ctrl Pts',(-2.30769230755319,-27.6402242812478,0.940082294385158));
#2494=CARTESIAN_POINT('',(-3.63803421096785,-27.9095089441136,0.7));
#2495=CARTESIAN_POINT('Ctrl Pts',(-2.30769230755319,-27.6402242812478,0.940082294385171));
#2496=CARTESIAN_POINT('Ctrl Pts',(-2.76319470865705,-27.7111459089134,0.863955661859959));
#2497=CARTESIAN_POINT('Ctrl Pts',(-3.22908230897618,-27.8072709735246,0.776961951805802));
#2498=CARTESIAN_POINT('Ctrl Pts',(-3.63803421096785,-27.9095089441136,0.7));
#2499=CARTESIAN_POINT('',(-32.7661917377137,-35.191547976154,0.7));
#2500=CARTESIAN_POINT('',(-11.4705882685731,-29.8676473644952,0.7));
#2501=CARTESIAN_POINT('Origin',(-32.6449239306757,-35.6766192275967,0.7));
#2502=CARTESIAN_POINT('Origin',(-21.4999999999282,-21.5,1.2));
#2503=CARTESIAN_POINT('',(-3.9999999998564,-39.,1.2));
#2504=CARTESIAN_POINT('',(36.,-39.,1.2));
#2505=CARTESIAN_POINT('',(-3.9999999998564,-29.6164139087341,1.2));
#2506=CARTESIAN_POINT('',(-3.9999999998564,-31.0000004349984,1.2));
#2507=CARTESIAN_POINT('Origin',(-1.9999999998564,-29.6164139087341,1.2));
#2508=CARTESIAN_POINT('Origin',(-33.251262966304,-33.2512629686303,0.7));
#2509=CARTESIAN_POINT('Origin',(-33.251262966304,-33.2512629686303,0.7));
#2510=CARTESIAN_POINT('Origin',(-30.3309530607699,-39.,1.2));
#2511=CARTESIAN_POINT('',(-30.3309530607699,-39.,1.2));
#2512=CARTESIAN_POINT('Origin',(5.92418346175198E-8,-34.3082065193371,7.7));
#2513=CARTESIAN_POINT('',(5.92418353237638E-8,-36.3582065193371,7.7));
#2514=CARTESIAN_POINT('Origin',(5.92418346175198E-8,-34.3082065193371,7.7));
#2515=CARTESIAN_POINT('',(5.92418353237638E-8,-36.3582065193371,5.6));
#2516=CARTESIAN_POINT('',(5.92418348216586E-8,-36.3582065193371,7.7));
#2517=CARTESIAN_POINT('Origin',(5.92418346175198E-8,-34.3082065193371,5.6));
#2518=CARTESIAN_POINT('Origin',(5.92418346175198E-8,-34.3082065193371,5.6));
#2519=CARTESIAN_POINT('Origin',(-34.3082065193371,5.92418269995676E-8,7.7));
#2520=CARTESIAN_POINT('',(-36.3582065193371,5.92418272506202E-8,7.7));
#2521=CARTESIAN_POINT('Origin',(-34.3082065193371,5.92418269995676E-8,7.7));
#2522=CARTESIAN_POINT('',(-36.3582065193371,5.92418272506202E-8,5.6));
#2523=CARTESIAN_POINT('',(-36.3582065193371,5.9241826748515E-8,7.7));
#2524=CARTESIAN_POINT('Origin',(-34.3082065193371,5.92418269995676E-8,5.6));
#2525=CARTESIAN_POINT('Origin',(-34.3082065193371,5.92418269995676E-8,5.6));
#2526=CARTESIAN_POINT('Origin',(5.92418346175198E-8,34.3082065193371,7.7));
#2527=CARTESIAN_POINT('',(5.92418353237638E-8,36.3582065193371,7.7));
#2528=CARTESIAN_POINT('Origin',(5.92418346175198E-8,34.3082065193371,7.7));
#2529=CARTESIAN_POINT('',(5.92418353237638E-8,36.3582065193371,5.6));
#2530=CARTESIAN_POINT('',(5.92418348216586E-8,36.3582065193371,7.7));
#2531=CARTESIAN_POINT('Origin',(5.92418346175198E-8,34.3082065193371,5.6));
#2532=CARTESIAN_POINT('Origin',(5.92418346175198E-8,34.3082065193371,5.6));
#2533=CARTESIAN_POINT('Origin',(34.3082065193371,5.92418269995676E-8,7.7));
#2534=CARTESIAN_POINT('',(36.3582065193371,5.92418272506202E-8,7.7));
#2535=CARTESIAN_POINT('Origin',(34.3082065193371,5.92418269995676E-8,7.7));
#2536=CARTESIAN_POINT('',(36.3582065193371,5.92418272506202E-8,5.6));
#2537=CARTESIAN_POINT('',(36.3582065193371,5.9241826748515E-8,7.7));
#2538=CARTESIAN_POINT('Origin',(34.3082065193371,5.92418269995676E-8,5.6));
#2539=CARTESIAN_POINT('Origin',(34.3082065193371,5.92418269995676E-8,5.6));
#2540=CARTESIAN_POINT('Origin',(2.1316282072803E-12,-33.2308232436973,7.7));
#2541=CARTESIAN_POINT('',(-2.30769230755319,-27.6402242812478,7.7));
#2542=CARTESIAN_POINT('',(-3.9999999998564,-29.6164139087341,7.7));
#2543=CARTESIAN_POINT('Origin',(-1.9999999998564,-29.6164139087341,7.7));
#2544=CARTESIAN_POINT('',(-3.9999999998564,-39.,7.7));
#2545=CARTESIAN_POINT('',(-3.9999999998564,-31.0000004349984,7.7));
#2546=CARTESIAN_POINT('',(3.99999999986066,-39.,7.7));
#2547=CARTESIAN_POINT('',(36.,-39.,7.7));
#2548=CARTESIAN_POINT('',(3.99999999986067,-29.616413908681,7.7));
#2549=CARTESIAN_POINT('',(3.99999999986066,-31.0000004349984,7.7));
#2550=CARTESIAN_POINT('',(2.30769230750498,-27.6402242811866,7.7));
#2551=CARTESIAN_POINT('Origin',(1.99999999986067,-29.616413908681,7.7));
#2552=CARTESIAN_POINT('Origin',(1.7266524088177E-10,-42.4616464873944,7.7));
#2553=CARTESIAN_POINT('Origin',(1.41463507574713E-10,33.2308232436974,7.7));
#2554=CARTESIAN_POINT('',(2.30769230592942,27.640224279184,7.7));
#2555=CARTESIAN_POINT('',(4.,29.6164139069454,7.7));
#2556=CARTESIAN_POINT('Origin',(2.,29.6164139069454,7.7));
#2557=CARTESIAN_POINT('',(4.,39.,7.7));
#2558=CARTESIAN_POINT('',(4.,31.0000004349984,7.7));
#2559=CARTESIAN_POINT('',(-3.99999999971707,39.,7.7));
#2560=CARTESIAN_POINT('',(-36.,39.,7.7));
#2561=CARTESIAN_POINT('',(-3.99999999971707,29.6164139104696,7.7));
#2562=CARTESIAN_POINT('',(-3.99999999971707,31.0000004349984,7.7));
#2563=CARTESIAN_POINT('',(-2.30769230912873,27.6402242832504,7.7));
#2564=CARTESIAN_POINT('Origin',(-1.99999999971707,29.6164139104696,7.7));
#2565=CARTESIAN_POINT('Origin',(1.1458774720154E-8,42.4616464873947,7.7));
#2566=CARTESIAN_POINT('Origin',(1.87436851556836,1.50482293292953E-9,7.7));
#2567=CARTESIAN_POINT('',(27.6402242783779,-2.30769230769231,7.7));
#2568=CARTESIAN_POINT('',(29.6164139058649,-4.,7.7));
#2569=CARTESIAN_POINT('Origin',(29.6164139058649,-2.,7.7));
#2570=CARTESIAN_POINT('',(39.,-4.,7.7));
#2571=CARTESIAN_POINT('',(28.0000003841188,-4.,7.7));
#2572=CARTESIAN_POINT('',(39.,4.,7.7));
#2573=CARTESIAN_POINT('',(39.,-36.,7.7));
#2574=CARTESIAN_POINT('',(29.6164139058649,4.,7.7));
#2575=CARTESIAN_POINT('',(39.,4.,7.7));
#2576=CARTESIAN_POINT('',(27.6402242783779,2.30769230769231,7.7));
#2577=CARTESIAN_POINT('Origin',(29.6164139058649,2.,7.7));
#2578=CARTESIAN_POINT('Origin',(42.46164648453,2.3037127760972E-14,7.7));
#2579=CARTESIAN_POINT('Origin',(-1.87436851595609,1.50482293292953E-9,7.7));
#2580=CARTESIAN_POINT('',(-27.6391676409911,2.30089568056504,7.7));
#2581=CARTESIAN_POINT('',(-29.6227740982795,3.994096354936,7.7));
#2582=CARTESIAN_POINT('Origin',(-29.615498153463,1.99410958982303,7.7));
#2583=CARTESIAN_POINT('',(-28.0000003841188,4.,7.7));
#2584=CARTESIAN_POINT('',(-29.6164139058649,-4.,7.7));
#2585=CARTESIAN_POINT('',(-28.0000003841188,-4.,7.7));
#2586=CARTESIAN_POINT('',(-27.6402242783779,-2.3076923076923,7.7));
#2587=CARTESIAN_POINT('Origin',(-29.6164139058649,-2.,7.7));
#2588=CARTESIAN_POINT('Origin',(-42.46164648453,-9.29811783123569E-15,7.7));
#2589=CARTESIAN_POINT('Origin',(-3.08697774544368E-15,-31.0000004349804,
0.));
#2590=CARTESIAN_POINT('',(-2.88781789542309E-15,-29.0000004349804,0.));
#2591=CARTESIAN_POINT('Origin',(-3.08697774544368E-15,-31.0000004349804,
0.));
#2592=CARTESIAN_POINT('',(-2.88781789542309E-15,-29.0000004349804,4.2));
#2593=CARTESIAN_POINT('',(-2.88781789542309E-15,-29.0000004349804,0.));
#2594=CARTESIAN_POINT('Origin',(-3.08697774544368E-15,-31.0000004349804,
4.2));
#2595=CARTESIAN_POINT('Origin',(-2.99760226307298E-15,-31.0000004349804,
4.2));
#2596=CARTESIAN_POINT('Origin',(1.06797879530784E-14,31.0000004349804,0.));
#2597=CARTESIAN_POINT('',(9.99076938339885E-15,29.0000004349804,0.));
#2598=CARTESIAN_POINT('Origin',(1.06797879530784E-14,31.0000004349804,0.));
#2599=CARTESIAN_POINT('',(9.99076938339885E-15,29.0000004349804,4.2));
#2600=CARTESIAN_POINT('',(9.99076938339885E-15,29.0000004349804,0.));
#2601=CARTESIAN_POINT('Origin',(1.06797879530784E-14,31.0000004349804,4.2));
#2602=CARTESIAN_POINT('Origin',(1.07691634354491E-14,31.0000004349804,4.2));
#2603=CARTESIAN_POINT('Origin',(-31.0000004349804,3.79640510381735E-15,
0.));
#2604=CARTESIAN_POINT('',(-29.0000004349804,3.55147574398788E-15,0.));
#2605=CARTESIAN_POINT('Origin',(-31.0000004349804,3.79640510381735E-15,
0.));
#2606=CARTESIAN_POINT('',(-29.0000004349804,3.55147574398788E-15,4.2));
#2607=CARTESIAN_POINT('',(-29.0000004349804,3.55147574398788E-15,0.));
#2608=CARTESIAN_POINT('Origin',(-31.0000004349804,3.79640510381735E-15,
4.2));
#2609=CARTESIAN_POINT('Origin',(-31.0000004349804,3.88578058618805E-15,
4.2));
#2610=CARTESIAN_POINT('Origin',(31.0000004349804,3.79640510381735E-15,0.));
#2611=CARTESIAN_POINT('',(29.0000004349804,3.55147574398788E-15,0.));
#2612=CARTESIAN_POINT('Origin',(31.0000004349804,3.79640510381735E-15,0.));
#2613=CARTESIAN_POINT('',(29.0000004349804,3.55147574398788E-15,4.2));
#2614=CARTESIAN_POINT('',(29.0000004349804,3.55147574398788E-15,0.));
#2615=CARTESIAN_POINT('Origin',(31.0000004349804,3.79640510381735E-15,4.2));
#2616=CARTESIAN_POINT('Origin',(31.0000004349804,3.88578058618805E-15,4.2));
#2617=CARTESIAN_POINT('Origin',(-29.615498153463,1.99410958982303,0.));
#2618=CARTESIAN_POINT('',(-27.6391676409911,2.30089568056504,0.94121752796509));
#2619=CARTESIAN_POINT('',(-27.6391676409911,2.30089568056504,0.));
#2620=CARTESIAN_POINT('',(-28.4135503026009,3.59264684738326,1.2));
#2621=CARTESIAN_POINT('Ctrl Pts',(-28.4135503026008,3.59264684738318,1.2));
#2622=CARTESIAN_POINT('Ctrl Pts',(-28.3941654291962,3.57807126785402,1.2));
#2623=CARTESIAN_POINT('Ctrl Pts',(-28.3754146994868,3.5634157541795,1.19929795768384));
#2624=CARTESIAN_POINT('Ctrl Pts',(-28.1903475200434,3.41368526664728,1.186719390289));
#2625=CARTESIAN_POINT('Ctrl Pts',(-28.0433893108028,3.24905369773161,1.12746696929693));
#2626=CARTESIAN_POINT('Ctrl Pts',(-27.8122098942596,2.88548661473806,0.998575670727411));
#2627=CARTESIAN_POINT('Ctrl Pts',(-27.7274448456513,2.68810761984317,0.925549243133355));
#2628=CARTESIAN_POINT('Ctrl Pts',(-27.6604506117295,2.420130671289,0.925549243133357));
#2629=CARTESIAN_POINT('Ctrl Pts',(-27.6484424113964,2.36064419036123,0.931243648073255));
#2630=CARTESIAN_POINT('Ctrl Pts',(-27.6391676409911,2.30089568056504,0.941217527965092));
#2631=CARTESIAN_POINT('',(-29.6227740982795,3.994096354936,1.2));
#2632=CARTESIAN_POINT('Origin',(-29.615498153463,1.99410958982303,1.2));
#2633=CARTESIAN_POINT('',(-29.6227740982795,3.994096354936,0.));
#2634=CARTESIAN_POINT('Origin',(-28.0000003841188,4.,0.));
#2635=CARTESIAN_POINT('',(-27.9095089412489,3.63803421114058,0.7));
#2636=CARTESIAN_POINT('',(-35.1915479745801,32.7661917430496,0.7));
#2637=CARTESIAN_POINT('',(-29.865293364153,11.4611722783839,0.7));
#2638=CARTESIAN_POINT('',(-27.9095089412489,3.63803421114058,0.));
#2639=CARTESIAN_POINT('',(-27.9095089412489,3.63803421114058,0.));
#2640=CARTESIAN_POINT('',(-35.1915479745801,32.7661917430496,0.));
#2641=CARTESIAN_POINT('',(-27.9095089412489,3.63803421114058,0.));
#2642=CARTESIAN_POINT('',(-35.1915479745801,32.7661917430496,0.));
#2643=CARTESIAN_POINT('Origin',(-42.46164648453,-9.29811783123569E-15,0.));
#2644=CARTESIAN_POINT('Ctrl Pts',(-27.6391676409911,2.30089568056504,0.941217527965097));
#2645=CARTESIAN_POINT('Ctrl Pts',(-27.7113775011821,2.76607501660214,0.863564665297477));
#2646=CARTESIAN_POINT('Ctrl Pts',(-27.8047075263974,3.2188285316066,0.778891642630554));
#2647=CARTESIAN_POINT('Ctrl Pts',(-27.9095089412489,3.63803421114057,0.7));
#2648=CARTESIAN_POINT('',(-27.6402242783779,-2.30769230769231,0.));
#2649=CARTESIAN_POINT('',(-27.9095089412489,-3.6380342111406,0.));
#2650=CARTESIAN_POINT('',(-27.9095089412489,-3.6380342111406,0.));
#2651=CARTESIAN_POINT('Origin',(-42.46164648453,-9.29811783123569E-15,0.));
#2652=CARTESIAN_POINT('Origin',(-29.6164139058649,-2.,0.));
#2653=CARTESIAN_POINT('',(-29.6164139058649,-4.,0.));
#2654=CARTESIAN_POINT('Origin',(-35.1915479738277,-32.76619174004,0.));
#2655=CARTESIAN_POINT('',(-35.1915479738277,-32.76619174004,0.));
#2656=CARTESIAN_POINT('',(-35.1915479738277,-32.76619174004,0.));
#2657=CARTESIAN_POINT('',(-27.9095089412489,-3.6380342111406,0.));
#2658=CARTESIAN_POINT('Origin',(2.,29.6164139069454,0.));
#2659=CARTESIAN_POINT('',(2.30769230592942,27.640224279184,0.940082296600476));
#2660=CARTESIAN_POINT('',(2.30769230592942,27.640224279184,0.));
#2661=CARTESIAN_POINT('',(3.59905259627649,28.4151517397474,1.2));
#2662=CARTESIAN_POINT('Ctrl Pts',(3.59905259627642,28.4151517397473,1.2));
#2663=CARTESIAN_POINT('Ctrl Pts',(3.58441466871132,28.395666554318,1.2));
#2664=CARTESIAN_POINT('Ctrl Pts',(3.56969476518207,28.3768203862448,1.19929035353236));
#2665=CARTESIAN_POINT('Ctrl Pts',(3.41984743219992,28.1915106337164,1.1866273094587));
#2666=CARTESIAN_POINT('Ctrl Pts',(3.25516004613955,28.0444684981277,1.12722448531604));
#2667=CARTESIAN_POINT('Ctrl Pts',(2.89150716965246,27.8131823033434,0.997916388612747));
#2668=CARTESIAN_POINT('Ctrl Pts',(2.69415176633818,27.7283990332114,0.924477246670464));
#2669=CARTESIAN_POINT('Ctrl Pts',(2.42630710105182,27.661437870105,0.924477246670466));
#2670=CARTESIAN_POINT('Ctrl Pts',(2.36712559346922,27.6494780294493,0.930149404876887));
#2671=CARTESIAN_POINT('Ctrl Pts',(2.30769230592942,27.640224279184,0.940082296600475));
#2672=CARTESIAN_POINT('',(4.,29.6164139069454,1.2));
#2673=CARTESIAN_POINT('Origin',(2.,29.6164139069454,1.2));
#2674=CARTESIAN_POINT('',(4.,29.6164139069454,0.));
#2675=CARTESIAN_POINT('Origin',(4.,28.0000003841188,0.));
#2676=CARTESIAN_POINT('',(3.63803422259936,27.9095089441136,0.7));
#2677=CARTESIAN_POINT('',(32.7661917398598,35.1915479737826,0.7));
#2678=CARTESIAN_POINT('',(11.4705882690208,29.8676473616992,0.7));
#2679=CARTESIAN_POINT('',(3.63803422259936,27.9095089441136,0.));
#2680=CARTESIAN_POINT('',(3.63803422259936,27.9095089441136,0.));
#2681=CARTESIAN_POINT('',(32.7661917398598,35.1915479737826,0.));
#2682=CARTESIAN_POINT('',(3.63803422259936,27.9095089441136,0.));
#2683=CARTESIAN_POINT('',(32.7661917398598,35.1915479737826,0.));
#2684=CARTESIAN_POINT('Origin',(1.1458774720154E-8,42.4616464873947,0.));
#2685=CARTESIAN_POINT('Ctrl Pts',(2.30769230592942,27.640224279184,0.940082296600476));
#2686=CARTESIAN_POINT('Ctrl Pts',(2.77048545963098,27.7122810750655,0.862737184519016));
#2687=CARTESIAN_POINT('Ctrl Pts',(3.2208704098868,27.805217995943,0.778507377255731));
#2688=CARTESIAN_POINT('Ctrl Pts',(3.63803422259936,27.9095089441136,0.7));
#2689=CARTESIAN_POINT('',(-2.30769230912873,27.6402242832504,0.940082292235649));
#2690=CARTESIAN_POINT('',(-2.30769230912873,27.6402242832504,0.));
#2691=CARTESIAN_POINT('',(-3.63803419968181,27.9095089441136,0.7));
#2692=CARTESIAN_POINT('Ctrl Pts',(-3.63803419968181,27.9095089441136,0.7));
#2693=CARTESIAN_POINT('Ctrl Pts',(-3.22087039481641,27.8052179979048,0.778507375778941));
#2694=CARTESIAN_POINT('Ctrl Pts',(-2.77048545366021,27.7122810785394,0.862737181339546));
#2695=CARTESIAN_POINT('Ctrl Pts',(-2.30769230912874,27.6402242832504,0.94008229223567));
#2696=CARTESIAN_POINT('',(-3.63803419968181,27.9095089441136,0.));
#2697=CARTESIAN_POINT('',(-3.63803419968181,27.9095089441136,0.));
#2698=CARTESIAN_POINT('Origin',(1.1458774720154E-8,42.4616464873947,0.));
#2699=CARTESIAN_POINT('Origin',(-1.99999999971707,29.6164139104696,0.));
#2700=CARTESIAN_POINT('',(-3.59905259796781,28.4151517458996,1.2));
#2701=CARTESIAN_POINT('Ctrl Pts',(-2.30769230912873,27.6402242832504,0.94008229223565));
#2702=CARTESIAN_POINT('Ctrl Pts',(-2.36712559545744,27.6494780334344,0.930149400669875));
#2703=CARTESIAN_POINT('Ctrl Pts',(-2.42630710186823,27.661437873904,0.924477242549095));
#2704=CARTESIAN_POINT('Ctrl Pts',(-2.69415176664598,27.7283990368833,0.924477242549101));
#2705=CARTESIAN_POINT('Ctrl Pts',(-2.89150716986687,27.813182307084,0.997916386081311));
#2706=CARTESIAN_POINT('Ctrl Pts',(-3.25516004668286,28.0444685022773,1.12722448438542));
#2707=CARTESIAN_POINT('Ctrl Pts',(-3.41984743295784,28.1915106381878,1.18662730910532));
#2708=CARTESIAN_POINT('Ctrl Pts',(-3.56969476638829,28.3768203916471,1.19929035350314));
#2709=CARTESIAN_POINT('Ctrl Pts',(-3.58441467016403,28.3956665600859,1.20000000000001));
#2710=CARTESIAN_POINT('Ctrl Pts',(-3.59905259796774,28.4151517458995,1.2));
#2711=CARTESIAN_POINT('',(-3.99999999971707,29.6164139104696,1.2));
#2712=CARTESIAN_POINT('',(-3.99999999971707,29.6164139104696,0.));
#2713=CARTESIAN_POINT('Origin',(-1.99999999971707,29.6164139104696,1.2));
#2714=CARTESIAN_POINT('Origin',(-32.7661917384661,35.1915479791636,0.));
#2715=CARTESIAN_POINT('',(-32.7661917384661,35.1915479791636,0.7));
#2716=CARTESIAN_POINT('',(-25.8513301399712,33.4628326625439,0.7));
#2717=CARTESIAN_POINT('',(-32.7661917384661,35.1915479791636,0.));
#2718=CARTESIAN_POINT('',(-32.7661917384661,35.1915479791636,0.));
#2719=CARTESIAN_POINT('',(-32.7661917384661,35.1915479791636,0.));
#2720=CARTESIAN_POINT('Origin',(-1.9999999998564,-29.6164139087341,0.));
#2721=CARTESIAN_POINT('',(-2.30769230755319,-27.6402242812478,0.));
#2722=CARTESIAN_POINT('',(-3.9999999998564,-29.6164139087341,0.));
#2723=CARTESIAN_POINT('Origin',(-3.9999999998564,-28.0000003869908,0.));
#2724=CARTESIAN_POINT('',(-3.63803421096785,-27.9095089441136,0.));
#2725=CARTESIAN_POINT('',(-3.63803421096785,-27.9095089441136,0.));
#2726=CARTESIAN_POINT('',(-32.7661917377137,-35.191547976154,0.));
#2727=CARTESIAN_POINT('',(-32.7661917377137,-35.191547976154,0.));
#2728=CARTESIAN_POINT('',(-32.7661917377137,-35.191547976154,0.));
#2729=CARTESIAN_POINT('Origin',(1.7266524088177E-10,-42.4616464873944,0.));
#2730=CARTESIAN_POINT('',(2.30769230750498,-27.6402242811866,0.94008229445093));
#2731=CARTESIAN_POINT('',(2.30769230750498,-27.6402242811866,0.));
#2732=CARTESIAN_POINT('',(3.63803421131318,-27.9095089441136,0.7));
#2733=CARTESIAN_POINT('Ctrl Pts',(3.63803421131319,-27.9095089441136,0.7));
#2734=CARTESIAN_POINT('Ctrl Pts',(3.22087040246511,-27.8052179969091,0.778507376528474));
#2735=CARTESIAN_POINT('Ctrl Pts',(2.77048545669057,-27.7122810767763,0.862737182953238));
#2736=CARTESIAN_POINT('Ctrl Pts',(2.30769230750498,-27.6402242811866,0.940082294450933));
#2737=CARTESIAN_POINT('',(3.63803421131318,-27.9095089441136,0.));
#2738=CARTESIAN_POINT('',(3.63803421131318,-27.9095089441136,0.));
#2739=CARTESIAN_POINT('Origin',(1.7266524088177E-10,-42.4616464873944,0.));
#2740=CARTESIAN_POINT('Origin',(1.99999999986067,-29.616413908681,0.));
#2741=CARTESIAN_POINT('',(3.59905259710942,-28.4151517427771,1.2));
#2742=CARTESIAN_POINT('Ctrl Pts',(2.30769230750498,-27.6402242811866,0.940082294450933));
#2743=CARTESIAN_POINT('Ctrl Pts',(2.36712559444836,-27.6494780314118,0.930149402805066));
#2744=CARTESIAN_POINT('Ctrl Pts',(2.42630710145388,-27.6614378719758,0.924477244640811));
#2745=CARTESIAN_POINT('Ctrl Pts',(2.69415176648976,-27.7283990350197,0.924477244640817));
#2746=CARTESIAN_POINT('Ctrl Pts',(2.89150716975806,-27.8131823051855,0.997916387366091));
#2747=CARTESIAN_POINT('Ctrl Pts',(3.25516004640712,-28.0444685001712,1.12722448485774));
#2748=CARTESIAN_POINT('Ctrl Pts',(3.41984743257317,-28.1915106359184,1.18662730928467));
#2749=CARTESIAN_POINT('Ctrl Pts',(3.5696947657761,-28.3768203889052,1.19929035351797));
#2750=CARTESIAN_POINT('Ctrl Pts',(3.58441466942674,-28.3956665571584,1.19999999999999));
#2751=CARTESIAN_POINT('Ctrl Pts',(3.59905259710935,-28.415151742777,1.19999999999999));
#2752=CARTESIAN_POINT('',(3.99999999986066,-29.616413908681,1.2));
#2753=CARTESIAN_POINT('',(3.99999999986067,-29.616413908681,0.));
#2754=CARTESIAN_POINT('Origin',(1.99999999986067,-29.616413908681,1.2));
#2755=CARTESIAN_POINT('Origin',(32.7661917376907,-35.1915479760619,0.));
#2756=CARTESIAN_POINT('',(32.7661917376907,-35.1915479760619,0.7));
#2757=CARTESIAN_POINT('',(25.8536841375014,-33.4634211589904,0.7));
#2758=CARTESIAN_POINT('',(32.7661917376907,-35.1915479760619,0.));
#2759=CARTESIAN_POINT('',(32.7661917376907,-35.1915479760619,0.));
#2760=CARTESIAN_POINT('',(3.63803421131318,-27.9095089441136,0.));
#2761=CARTESIAN_POINT('Origin',(29.6164139058649,-2.,0.));
#2762=CARTESIAN_POINT('',(27.6402242783779,-2.30769230769231,0.940082294390787));
#2763=CARTESIAN_POINT('',(27.6402242783779,-2.30769230769231,0.));
#2764=CARTESIAN_POINT('',(28.4151517399972,-3.59905259727595,1.2));
#2765=CARTESIAN_POINT('Ctrl Pts',(28.4151517399971,-3.59905259727589,1.2));
#2766=CARTESIAN_POINT('Ctrl Pts',(28.3956665543732,-3.58441466958999,1.2));
#2767=CARTESIAN_POINT('Ctrl Pts',(28.376820386115,-3.56969476593595,1.19929035351757));
#2768=CARTESIAN_POINT('Ctrl Pts',(28.1915106331153,-3.41984743272685,1.18662730927981));
#2769=CARTESIAN_POINT('Ctrl Pts',(28.0444684973637,-3.25516004655784,1.12722448484492));
#2770=CARTESIAN_POINT('Ctrl Pts',(27.8131823023724,-2.89150716990425,0.997916387331216));
#2771=CARTESIAN_POINT('Ctrl Pts',(27.7283990322056,-2.69415176663724,0.924477244584035));
#2772=CARTESIAN_POINT('Ctrl Pts',(27.6614378691635,-2.42630710160837,0.924477244584034));
#2773=CARTESIAN_POINT('Ctrl Pts',(27.649478028602,-2.367125594619,0.930149402747096));
#2774=CARTESIAN_POINT('Ctrl Pts',(27.6402242783779,-2.30769230769231,0.940082294390789));
#2775=CARTESIAN_POINT('',(29.6164139058649,-4.,1.2));
#2776=CARTESIAN_POINT('Origin',(29.6164139058649,-2.,1.2));
#2777=CARTESIAN_POINT('',(29.6164139058649,-4.,0.));
#2778=CARTESIAN_POINT('Origin',(28.0000003841188,-4.,0.));
#2779=CARTESIAN_POINT('',(27.9095089412489,-3.63803421114056,0.7));
#2780=CARTESIAN_POINT('',(35.1915479738047,-32.7661917399479,0.7));
#2781=CARTESIAN_POINT('',(29.8676473616972,-11.4705882690126,0.7));
#2782=CARTESIAN_POINT('',(27.9095089412489,-3.63803421114056,0.));
#2783=CARTESIAN_POINT('',(27.9095089412489,-3.63803421114056,0.));
#2784=CARTESIAN_POINT('',(35.1915479738047,-32.7661917399479,0.));
#2785=CARTESIAN_POINT('',(27.9095089412489,-3.63803421114056,0.));
#2786=CARTESIAN_POINT('',(35.1915479738047,-32.7661917399479,0.));
#2787=CARTESIAN_POINT('Origin',(42.46164648453,2.3037127760972E-14,0.));
#2788=CARTESIAN_POINT('Ctrl Pts',(27.6402242783779,-2.30769230769231,0.940082294390791));
#2789=CARTESIAN_POINT('Ctrl Pts',(27.7122810739595,-2.77048545675151,0.862737182909419));
#2790=CARTESIAN_POINT('Ctrl Pts',(27.8052179940714,-3.22087040240064,0.778507376508109));
#2791=CARTESIAN_POINT('Ctrl Pts',(27.9095089412489,-3.63803421114057,0.7));
#2792=CARTESIAN_POINT('',(27.6402242783779,2.30769230769231,0.940082294390777));
#2793=CARTESIAN_POINT('',(27.6402242783779,2.30769230769231,0.));
#2794=CARTESIAN_POINT('',(27.9095089412489,3.63803421114061,0.7));
#2795=CARTESIAN_POINT('Ctrl Pts',(27.9095089412489,3.63803421114061,0.7));
#2796=CARTESIAN_POINT('Ctrl Pts',(27.8052179940714,3.22087040240067,0.778507376508122));
#2797=CARTESIAN_POINT('Ctrl Pts',(27.7122810739595,2.77048545675153,0.862737182909416));
#2798=CARTESIAN_POINT('Ctrl Pts',(27.6402242783779,2.30769230769231,0.940082294390777));
#2799=CARTESIAN_POINT('',(27.9095089412489,3.63803421114061,0.));
#2800=CARTESIAN_POINT('',(27.9095089412489,3.63803421114061,0.));
#2801=CARTESIAN_POINT('Origin',(42.46164648453,2.3037127760972E-14,0.));
#2802=CARTESIAN_POINT('Origin',(29.6164139058649,2.,0.));
#2803=CARTESIAN_POINT('',(28.4151517399972,3.59905259727596,1.2));
#2804=CARTESIAN_POINT('Ctrl Pts',(27.6402242783779,2.30769230769231,0.940082294390773));
#2805=CARTESIAN_POINT('Ctrl Pts',(27.649478028602,2.367125594619,0.930149402747081));
#2806=CARTESIAN_POINT('Ctrl Pts',(27.6614378691635,2.42630710160837,0.924477244584026));
#2807=CARTESIAN_POINT('Ctrl Pts',(27.7283990322056,2.69415176663725,0.924477244584027));
#2808=CARTESIAN_POINT('Ctrl Pts',(27.8131823023724,2.89150716990425,0.997916387331214));
#2809=CARTESIAN_POINT('Ctrl Pts',(28.0444684973637,3.25516004655785,1.12722448484492));
#2810=CARTESIAN_POINT('Ctrl Pts',(28.1915106331153,3.41984743272687,1.18662730927981));
#2811=CARTESIAN_POINT('Ctrl Pts',(28.376820386115,3.56969476593596,1.19929035351757));
#2812=CARTESIAN_POINT('Ctrl Pts',(28.3956665543732,3.58441466958999,1.19999999999999));
#2813=CARTESIAN_POINT('Ctrl Pts',(28.4151517399971,3.59905259727589,1.19999999999999));
#2814=CARTESIAN_POINT('',(29.6164139058649,4.00000000000001,1.2));
#2815=CARTESIAN_POINT('',(29.6164139058649,4.,0.));
#2816=CARTESIAN_POINT('Origin',(29.6164139058649,2.,1.2));
#2817=CARTESIAN_POINT('Origin',(35.1915479737826,32.7661917398597,0.));
#2818=CARTESIAN_POINT('',(35.1915479737826,32.7661917398597,0.7));
#2819=CARTESIAN_POINT('',(33.4634211565311,25.8536841389507,0.7));
#2820=CARTESIAN_POINT('',(35.1915479737826,32.7661917398597,0.));
#2821=CARTESIAN_POINT('',(35.1915479737826,32.7661917398597,0.));
#2822=CARTESIAN_POINT('',(27.9095089412489,3.63803421114061,0.));
#2823=CARTESIAN_POINT('Origin',(30.3527186131399,-11.3493204619746,0.7));
#2824=CARTESIAN_POINT('',(35.6766192252474,-32.6449239329099,1.2));
#2825=CARTESIAN_POINT('Origin',(35.6766192252474,-32.6449239329099,0.7));
#2826=CARTESIAN_POINT('',(30.3527186131399,-11.3493204619746,1.2));
#2827=CARTESIAN_POINT('Origin',(33.251262966281,-33.2512629685382,0.7));
#2828=CARTESIAN_POINT('',(32.6449239306527,-35.6766192275046,1.2));
#2829=CARTESIAN_POINT('Origin',(32.6449239306527,-35.6766192275046,0.7));
#2830=CARTESIAN_POINT('Origin',(33.251262966281,-33.2512629685382,1.2));
#2831=CARTESIAN_POINT('Origin',(33.251262966281,-33.2512629685382,0.7));
#2832=CARTESIAN_POINT('Origin',(25.7324163304634,-33.9484924104331,0.7));
#2833=CARTESIAN_POINT('',(25.7324163304634,-33.9484924104331,1.2));
#2834=CARTESIAN_POINT('Origin',(33.251262966281,-33.2512629685382,0.));
#2835=CARTESIAN_POINT('Origin',(33.251262966281,-33.2512629685382,0.));
#2836=CARTESIAN_POINT('Origin',(-33.251262966304,-33.2512629686303,0.));
#2837=CARTESIAN_POINT('Origin',(-33.251262966304,-33.2512629686303,0.));
#2838=CARTESIAN_POINT('Origin',(-30.3503646155957,11.3399044713459,0.7));
#2839=CARTESIAN_POINT('',(-35.6766192260228,32.6449239360116,1.2));
#2840=CARTESIAN_POINT('Origin',(-35.6766192260228,32.6449239360116,0.7));
#2841=CARTESIAN_POINT('',(-30.3503646155957,11.3399044713459,1.2));
#2842=CARTESIAN_POINT('Origin',(-33.2512629670564,33.2512629716399,0.7));
#2843=CARTESIAN_POINT('',(-32.6449239314281,35.6766192306063,1.2));
#2844=CARTESIAN_POINT('Origin',(-32.6449239314281,35.6766192306063,0.7));
#2845=CARTESIAN_POINT('Origin',(-33.2512629670564,33.2512629716399,1.2));
#2846=CARTESIAN_POINT('Origin',(-33.2512629670564,33.2512629716399,0.7));
#2847=CARTESIAN_POINT('Origin',(-25.7300623329332,33.9479039139866,0.7));
#2848=CARTESIAN_POINT('',(-25.7300623329332,33.9479039139866,1.2));
#2849=CARTESIAN_POINT('Origin',(-33.2512629670564,33.2512629716399,0.));
#2850=CARTESIAN_POINT('Origin',(-33.2512629670564,33.2512629716399,0.));
#2851=CARTESIAN_POINT('Origin',(11.3493204619828,30.3527186131419,0.7));
#2852=CARTESIAN_POINT('',(32.6449239328217,35.6766192252254,1.2));
#2853=CARTESIAN_POINT('Origin',(32.6449239328217,35.6766192252254,0.7));
#2854=CARTESIAN_POINT('',(11.3493204619828,30.3527186131419,1.2));
#2855=CARTESIAN_POINT('Origin',(33.2512629680118,33.2512629680118,0.7));
#2856=CARTESIAN_POINT('',(35.6766192252254,32.6449239328217,1.2));
#2857=CARTESIAN_POINT('Origin',(35.6766192252254,32.6449239328217,0.7));
#2858=CARTESIAN_POINT('Origin',(33.2512629680118,33.2512629680118,1.2));
#2859=CARTESIAN_POINT('Origin',(33.2512629680118,33.2512629680118,0.7));
#2860=CARTESIAN_POINT('Origin',(33.9484924079738,25.7324163319127,0.7));
#2861=CARTESIAN_POINT('',(33.9484924079738,25.7324163319127,1.2));
#2862=CARTESIAN_POINT('Origin',(33.2512629680118,33.2512629680118,0.));
#2863=CARTESIAN_POINT('Origin',(33.2512629680118,33.2512629680118,0.));
#2864=CARTESIAN_POINT('Origin',(3.99999999986066,-39.,0.));
#2865=CARTESIAN_POINT('',(3.99999999986066,-39.,1.2));
#2866=CARTESIAN_POINT('',(3.99999999986066,-39.,0.));
#2867=CARTESIAN_POINT('',(3.99999999986066,-31.0000004349984,1.2));
#2868=CARTESIAN_POINT('Origin',(-3.9999999998564,-28.0000003869908,0.));
#2869=CARTESIAN_POINT('',(-3.9999999998564,-39.,0.));
#2870=CARTESIAN_POINT('Origin',(28.0000003841188,-4.,0.));
#2871=CARTESIAN_POINT('',(39.,-4.,1.2));
#2872=CARTESIAN_POINT('',(28.0000003841188,-4.,1.2));
#2873=CARTESIAN_POINT('',(39.,-4.,0.));
#2874=CARTESIAN_POINT('Origin',(39.,4.,0.));
#2875=CARTESIAN_POINT('',(39.,4.,1.2));
#2876=CARTESIAN_POINT('',(39.,4.,0.));
#2877=CARTESIAN_POINT('',(39.,4.,1.2));
#2878=CARTESIAN_POINT('Origin',(36.,-36.,0.));
#2879=CARTESIAN_POINT('',(36.,-39.,0.));
#2880=CARTESIAN_POINT('',(39.,-36.,0.));
#2881=CARTESIAN_POINT('Origin',(36.,-36.,0.));
#2882=CARTESIAN_POINT('',(39.,-36.,1.2));
#2883=CARTESIAN_POINT('',(39.,-36.,0.));
#2884=CARTESIAN_POINT('',(36.,-39.,1.2));
#2885=CARTESIAN_POINT('Origin',(36.,-36.,1.2));
#2886=CARTESIAN_POINT('',(36.,-39.,0.));
#2887=CARTESIAN_POINT('Origin',(21.4999999999303,-21.5,1.2));
#2888=CARTESIAN_POINT('',(36.,-39.,1.2));
#2889=CARTESIAN_POINT('',(39.,-36.,1.2));
#2890=CARTESIAN_POINT('Origin',(-28.0000003841188,4.,0.));
#2891=CARTESIAN_POINT('',(-28.0000003841188,4.,1.2));
#2892=CARTESIAN_POINT('Origin',(-39.,-4.,0.));
#2893=CARTESIAN_POINT('Origin',(-36.,-39.,0.));
#2894=CARTESIAN_POINT('',(36.,-39.,0.));
#2895=CARTESIAN_POINT('Origin',(-3.99999999971707,39.,0.));
#2896=CARTESIAN_POINT('',(-3.99999999971707,39.,1.2));
#2897=CARTESIAN_POINT('',(-3.99999999971707,39.,0.));
#2898=CARTESIAN_POINT('',(-3.99999999971707,31.0000004349984,1.2));
#2899=CARTESIAN_POINT('Origin',(4.,28.0000003841188,0.));
#2900=CARTESIAN_POINT('',(4.,39.,1.2));
#2901=CARTESIAN_POINT('',(4.,31.0000004349984,1.2));
#2902=CARTESIAN_POINT('',(4.,39.,0.));
#2903=CARTESIAN_POINT('Origin',(39.,4.,0.));
#2904=CARTESIAN_POINT('',(39.,36.,0.));
#2905=CARTESIAN_POINT('',(39.,-36.,0.));
#2906=CARTESIAN_POINT('',(39.,36.,1.2));
#2907=CARTESIAN_POINT('',(39.,36.,0.));
#2908=CARTESIAN_POINT('',(39.,36.,1.2));
#2909=CARTESIAN_POINT('Origin',(36.,36.,0.));
#2910=CARTESIAN_POINT('',(36.,39.,0.));
#2911=CARTESIAN_POINT('Origin',(36.,36.,0.));
#2912=CARTESIAN_POINT('',(36.,39.,1.2));
#2913=CARTESIAN_POINT('',(36.,39.,0.));
#2914=CARTESIAN_POINT('Origin',(36.,36.,1.2));
#2915=CARTESIAN_POINT('Origin',(21.5,21.5,1.2));
#2916=CARTESIAN_POINT('',(-36.,39.,1.2));
#2917=CARTESIAN_POINT('Origin',(-36.,36.,0.));
#2918=CARTESIAN_POINT('',(-36.,39.,0.));
#2919=CARTESIAN_POINT('Origin',(-36.,36.,0.));
#2920=CARTESIAN_POINT('',(-36.,39.,1.2));
#2921=CARTESIAN_POINT('Origin',(-36.,36.,1.2));
#2922=CARTESIAN_POINT('',(-36.,39.,0.));
#2923=CARTESIAN_POINT('Origin',(-3.99999999971707,39.,0.));
#2924=CARTESIAN_POINT('',(-36.,39.,0.));
#2925=CARTESIAN_POINT('',(-36.,39.,1.2));
#2926=CARTESIAN_POINT('Origin',(-21.4999999998585,21.479991020045,1.2));
#2927=CARTESIAN_POINT('Origin',(-21.4999999998585,21.479991020045,0.));
#2928=UNCERTAINTY_MEASURE_WITH_UNIT(LENGTH_MEASURE(0.01),#2932,
'DISTANCE_ACCURACY_VALUE',
'Maximum model space distance between geometric entities at asserted c
onnectivities');
#2929=UNCERTAINTY_MEASURE_WITH_UNIT(LENGTH_MEASURE(0.01),#2932,
'DISTANCE_ACCURACY_VALUE',
'Maximum model space distance between geometric entities at asserted c
onnectivities');
#2930=(
GEOMETRIC_REPRESENTATION_CONTEXT(3)
GLOBAL_UNCERTAINTY_ASSIGNED_CONTEXT((#2928))
GLOBAL_UNIT_ASSIGNED_CONTEXT((#2932,#2934,#2935))
REPRESENTATION_CONTEXT('','3D')
);
#2931=(
GEOMETRIC_REPRESENTATION_CONTEXT(3)
GLOBAL_UNCERTAINTY_ASSIGNED_CONTEXT((#2929))
GLOBAL_UNIT_ASSIGNED_CONTEXT((#2932,#2934,#2935))
REPRESENTATION_CONTEXT('','3D')
);
#2932=(
LENGTH_UNIT()
NAMED_UNIT(*)
SI_UNIT(.MILLI.,.METRE.)
);
#2933=(
LENGTH_UNIT()
NAMED_UNIT(*)
SI_UNIT($,.METRE.)
);
#2934=(
NAMED_UNIT(*)
PLANE_ANGLE_UNIT()
SI_UNIT($,.RADIAN.)
);
#2935=(
NAMED_UNIT(*)
SI_UNIT($,.STERADIAN.)
SOLID_ANGLE_UNIT()
);
#2936=SHAPE_DEFINITION_REPRESENTATION(#2937,#2938);
#2937=PRODUCT_DEFINITION_SHAPE('',$,#2940);
#2938=SHAPE_REPRESENTATION('',(#1587),#2930);
#2939=PRODUCT_DEFINITION_CONTEXT('part definition',#2944,'design');
#2940=PRODUCT_DEFINITION('\X2\5DE8578B\X0\STM32\X2\5C0188C5591658F3\X0\',
'\X2\5DE8578B\X0\STM32\X2\5C0188C5591658F3\X0\ v10',#2941,#2939);
#2941=PRODUCT_DEFINITION_FORMATION('',$,#2946);
#2942=PRODUCT_RELATED_PRODUCT_CATEGORY('\X2\5DE8578B\X0\STM32\X2\5C0188C5591658F3\X0\ 
v10','\X2\5DE8578B\X0\STM32\X2\5C0188C5591658F3\X0\ v10',(#2946));
#2943=APPLICATION_PROTOCOL_DEFINITION('international standard',
'automotive_design',2009,#2944);
#2944=APPLICATION_CONTEXT(
'Core Data for Automotive Mechanical Design Process');
#2945=PRODUCT_CONTEXT('part definition',#2944,'mechanical');
#2946=PRODUCT('\X2\5DE8578B\X0\STM32\X2\5C0188C5591658F3\X0\',
'\X2\5DE8578B\X0\STM32\X2\5C0188C5591658F3\X0\ v10',$,(#2945));
#2947=PRESENTATION_STYLE_ASSIGNMENT((#2948));
#2948=SURFACE_STYLE_USAGE(.BOTH.,#2949);
#2949=SURFACE_SIDE_STYLE('',(#2950));
#2950=SURFACE_STYLE_FILL_AREA(#2951);
#2951=FILL_AREA_STYLE('\X2\94A2\X0\ - \X2\7F0E5149\X0\',(#2952));
#2952=FILL_AREA_STYLE_COLOUR('\X2\94A2\X0\ - \X2\7F0E5149\X0\',#2953);
#2953=COLOUR_RGB('\X2\94A2\X0\ - \X2\7F0E5149\X0\',0.627450980392157,0.627450980392157,
0.627450980392157);
ENDSEC;
END-ISO-10303-21;
